INFO 2026-05-14 22:18:52,033 autoreload 2900 38796 Watching for file changes with StatReloader
INFO 2026-05-14 22:21:27,227 autoreload 2900 38796 C:\Users\admin\OneDrive\Desktop\Hostel Management System\hostel_management\hostel_management\settings.py changed, reloading.
INFO 2026-05-14 22:21:28,340 autoreload 21668 46176 Watching for file changes with StatReloader
INFO 2026-05-14 22:24:39,102 autoreload 21668 46176 C:\Users\admin\OneDrive\Desktop\Hostel Management System\hostel_management\accounts\admin.py changed, reloading.
INFO 2026-05-14 22:24:40,002 autoreload 46624 34716 Watching for file changes with StatReloader
INFO 2026-05-14 22:25:26,304 autoreload 31684 45920 Watching for file changes with StatReloader
INFO 2026-05-14 22:25:31,287 log 31684 43700 "GET / HTTP/1.1" 302 0
INFO 2026-05-14 22:25:31,337 log 31684 43700 "GET /login/?next=/ HTTP/1.1" 200 12850
ERROR 2026-05-14 22:25:41,674 log 31684 45800 Internal Server Error: /register/
Traceback (most recent call last):
  File "C:\Users\admin\OneDrive\Desktop\Hostel Management System\hostel_management\venv\Lib\site-packages\django\core\handlers\exception.py", line 55, in inner
    response = get_response(request)
  File "C:\Users\admin\OneDrive\Desktop\Hostel Management System\hostel_management\venv\Lib\site-packages\django\core\handlers\base.py", line 198, in _get_response
    response = wrapped_callback(request, *callback_args, **callback_kwargs)
  File "C:\Users\admin\OneDrive\Desktop\Hostel Management System\hostel_management\accounts\views.py", line 93, in register_view
    return render(request, 'register.html', {'form': form})
  File "C:\Users\admin\OneDrive\Desktop\Hostel Management System\hostel_management\venv\Lib\site-packages\django\shortcuts.py", line 25, in render
    content = loader.render_to_string(template_name, context, request, using=using)
  File "C:\Users\admin\OneDrive\Desktop\Hostel Management System\hostel_management\venv\Lib\site-packages\django\template\loader.py", line 61, in render_to_string
    template = get_template(template_name, using=using)
  File "C:\Users\admin\OneDrive\Desktop\Hostel Management System\hostel_management\venv\Lib\site-packages\django\template\loader.py", line 19, in get_template
    raise TemplateDoesNotExist(template_name, chain=chain)
django.template.exceptions.TemplateDoesNotExist: register.html
ERROR 2026-05-14 22:25:41,678 log 31684 45800 "GET /register/ HTTP/1.1" 500 87378
ERROR 2026-05-14 22:26:02,316 log 31684 7504 Internal Server Error: /login/
Traceback (most recent call last):
  File "C:\Users\admin\OneDrive\Desktop\Hostel Management System\hostel_management\venv\Lib\site-packages\django\db\backends\utils.py", line 105, in _execute
    return self.cursor.execute(sql, params)
           ~~~~~~~~~~~~~~~~~~~^^^^^^^^^^^^^
  File "C:\Users\admin\OneDrive\Desktop\Hostel Management System\hostel_management\venv\Lib\site-packages\django\db\backends\sqlite3\base.py", line 359, in execute
    return super().execute(query, params)
           ~~~~~~~~~~~~~~~^^^^^^^^^^^^^^^
sqlite3.OperationalError: no such column: accounts_customuser.phone_number

The above exception was the direct cause of the following exception:

Traceback (most recent call last):
  File "C:\Users\admin\OneDrive\Desktop\Hostel Management System\hostel_management\venv\Lib\site-packages\django\core\handlers\exception.py", line 55, in inner
    response = get_response(request)
  File "C:\Users\admin\OneDrive\Desktop\Hostel Management System\hostel_management\venv\Lib\site-packages\django\core\handlers\base.py", line 198, in _get_response
    response = wrapped_callback(request, *callback_args, **callback_kwargs)
  File "C:\Users\admin\OneDrive\Desktop\Hostel Management System\hostel_management\accounts\views.py", line 43, in login_view
    user = authenticate(request, username=username, password=password)
  File "C:\Users\admin\OneDrive\Desktop\Hostel Management System\hostel_management\venv\Lib\site-packages\django\views\decorators\debug.py", line 75, in sensitive_variables_wrapper
    return func(*func_args, **func_kwargs)
  File "C:\Users\admin\OneDrive\Desktop\Hostel Management System\hostel_management\venv\Lib\site-packages\django\contrib\auth\__init__.py", line 114, in authenticate
    user = backend.authenticate(request, **credentials)
  File "C:\Users\admin\OneDrive\Desktop\Hostel Management System\hostel_management\venv\Lib\site-packages\django\contrib\auth\backends.py", line 65, in authenticate
    user = UserModel._default_manager.get_by_natural_key(username)
  File "C:\Users\admin\OneDrive\Desktop\Hostel Management System\hostel_management\venv\Lib\site-packages\django\contrib\auth\base_user.py", line 37, in get_by_natural_key
    return self.get(**{self.model.USERNAME_FIELD: username})
           ~~~~~~~~^^^^^^^^^^^^^^^^^^^^^^^^^^^^^^^^^^^^^^^^^
  File "C:\Users\admin\OneDrive\Desktop\Hostel Management System\hostel_management\venv\Lib\site-packages\django\db\models\manager.py", line 87, in manager_method
    return getattr(self.get_queryset(), name)(*args, **kwargs)
           ~~~~~~~~~~~~~~~~~~~~~~~~~~~~~~~~~~^^^^^^^^^^^^^^^^^
  File "C:\Users\admin\OneDrive\Desktop\Hostel Management System\hostel_management\venv\Lib\site-packages\django\db\models\query.py", line 635, in get
    num = len(clone)
  File "C:\Users\admin\OneDrive\Desktop\Hostel Management System\hostel_management\venv\Lib\site-packages\django\db\models\query.py", line 372, in __len__
    self._fetch_all()
    ~~~~~~~~~~~~~~~^^
  File "C:\Users\admin\OneDrive\Desktop\Hostel Management System\hostel_management\venv\Lib\site-packages\django\db\models\query.py", line 2000, in _fetch_all
    self._result_cache = list(self._iterable_class(self))
                         ~~~~^^^^^^^^^^^^^^^^^^^^^^^^^^^^
  File "C:\Users\admin\OneDrive\Desktop\Hostel Management System\hostel_management\venv\Lib\site-packages\django\db\models\query.py", line 95, in __iter__
    results = compiler.execute_sql(
        chunked_fetch=self.chunked_fetch, chunk_size=self.chunk_size
    )
  File "C:\Users\admin\OneDrive\Desktop\Hostel Management System\hostel_management\venv\Lib\site-packages\django\db\models\sql\compiler.py", line 1624, in execute_sql
    cursor.execute(sql, params)
    ~~~~~~~~~~~~~~^^^^^^^^^^^^^
  File "C:\Users\admin\OneDrive\Desktop\Hostel Management System\hostel_management\venv\Lib\site-packages\django\db\backends\utils.py", line 122, in execute
    return super().execute(sql, params)
           ~~~~~~~~~~~~~~~^^^^^^^^^^^^^
  File "C:\Users\admin\OneDrive\Desktop\Hostel Management System\hostel_management\venv\Lib\site-packages\django\db\backends\utils.py", line 79, in execute
    return self._execute_with_wrappers(
           ~~~~~~~~~~~~~~~~~~~~~~~~~~~^
        sql, params, many=False, executor=self._execute
        ^^^^^^^^^^^^^^^^^^^^^^^^^^^^^^^^^^^^^^^^^^^^^^^
    )
    ^
  File "C:\Users\admin\OneDrive\Desktop\Hostel Management System\hostel_management\venv\Lib\site-packages\django\db\backends\utils.py", line 92, in _execute_with_wrappers
    return executor(sql, params, many, context)
  File "C:\Users\admin\OneDrive\Desktop\Hostel Management System\hostel_management\venv\Lib\site-packages\django\db\backends\utils.py", line 100, in _execute
    with self.db.wrap_database_errors:
         ^^^^^^^^^^^^^^^^^^^^^^^^^^^^
  File "C:\Users\admin\OneDrive\Desktop\Hostel Management System\hostel_management\venv\Lib\site-packages\django\db\utils.py", line 94, in __exit__
    raise dj_exc_value.with_traceback(traceback) from exc_value
  File "C:\Users\admin\OneDrive\Desktop\Hostel Management System\hostel_management\venv\Lib\site-packages\django\db\backends\utils.py", line 105, in _execute
    return self.cursor.execute(sql, params)
           ~~~~~~~~~~~~~~~~~~~^^^^^^^^^^^^^
  File "C:\Users\admin\OneDrive\Desktop\Hostel Management System\hostel_management\venv\Lib\site-packages\django\db\backends\sqlite3\base.py", line 359, in execute
    return super().execute(query, params)
           ~~~~~~~~~~~~~~~^^^^^^^^^^^^^^^
django.db.utils.OperationalError: no such column: accounts_customuser.phone_number
ERROR 2026-05-14 22:26:02,330 log 31684 7504 "POST /login/?next=/ HTTP/1.1" 500 170747
INFO 2026-05-14 22:42:13,551 autoreload 44316 42332 Watching for file changes with StatReloader
INFO 2026-05-14 22:43:06,660 log 44316 3404 "GET / HTTP/1.1" 302 0
INFO 2026-05-14 22:43:06,684 log 44316 3404 "GET /login/?next=/ HTTP/1.1" 200 12850
ERROR 2026-05-14 22:43:34,438 log 44316 3404 Internal Server Error: /login/
Traceback (most recent call last):
  File "C:\Users\admin\OneDrive\Desktop\Hostel Management System\hostel_management\venv\Lib\site-packages\django\db\backends\utils.py", line 105, in _execute
    return self.cursor.execute(sql, params)
           ~~~~~~~~~~~~~~~~~~~^^^^^^^^^^^^^
  File "C:\Users\admin\OneDrive\Desktop\Hostel Management System\hostel_management\venv\Lib\site-packages\django\db\backends\sqlite3\base.py", line 359, in execute
    return super().execute(query, params)
           ~~~~~~~~~~~~~~~^^^^^^^^^^^^^^^
sqlite3.OperationalError: no such column: accounts_customuser.phone_number

The above exception was the direct cause of the following exception:

Traceback (most recent call last):
  File "C:\Users\admin\OneDrive\Desktop\Hostel Management System\hostel_management\venv\Lib\site-packages\django\core\handlers\exception.py", line 55, in inner
    response = get_response(request)
  File "C:\Users\admin\OneDrive\Desktop\Hostel Management System\hostel_management\venv\Lib\site-packages\django\core\handlers\base.py", line 198, in _get_response
    response = wrapped_callback(request, *callback_args, **callback_kwargs)
  File "C:\Users\admin\OneDrive\Desktop\Hostel Management System\hostel_management\accounts\views.py", line 43, in login_view
    user = authenticate(request, username=username, password=password)
  File "C:\Users\admin\OneDrive\Desktop\Hostel Management System\hostel_management\venv\Lib\site-packages\django\views\decorators\debug.py", line 75, in sensitive_variables_wrapper
    return func(*func_args, **func_kwargs)
  File "C:\Users\admin\OneDrive\Desktop\Hostel Management System\hostel_management\venv\Lib\site-packages\django\contrib\auth\__init__.py", line 114, in authenticate
    user = backend.authenticate(request, **credentials)
  File "C:\Users\admin\OneDrive\Desktop\Hostel Management System\hostel_management\venv\Lib\site-packages\django\contrib\auth\backends.py", line 65, in authenticate
    user = UserModel._default_manager.get_by_natural_key(username)
  File "C:\Users\admin\OneDrive\Desktop\Hostel Management System\hostel_management\venv\Lib\site-packages\django\contrib\auth\base_user.py", line 37, in get_by_natural_key
    return self.get(**{self.model.USERNAME_FIELD: username})
           ~~~~~~~~^^^^^^^^^^^^^^^^^^^^^^^^^^^^^^^^^^^^^^^^^
  File "C:\Users\admin\OneDrive\Desktop\Hostel Management System\hostel_management\venv\Lib\site-packages\django\db\models\manager.py", line 87, in manager_method
    return getattr(self.get_queryset(), name)(*args, **kwargs)
           ~~~~~~~~~~~~~~~~~~~~~~~~~~~~~~~~~~^^^^^^^^^^^^^^^^^
  File "C:\Users\admin\OneDrive\Desktop\Hostel Management System\hostel_management\venv\Lib\site-packages\django\db\models\query.py", line 635, in get
    num = len(clone)
  File "C:\Users\admin\OneDrive\Desktop\Hostel Management System\hostel_management\venv\Lib\site-packages\django\db\models\query.py", line 372, in __len__
    self._fetch_all()
    ~~~~~~~~~~~~~~~^^
  File "C:\Users\admin\OneDrive\Desktop\Hostel Management System\hostel_management\venv\Lib\site-packages\django\db\models\query.py", line 2000, in _fetch_all
    self._result_cache = list(self._iterable_class(self))
                         ~~~~^^^^^^^^^^^^^^^^^^^^^^^^^^^^
  File "C:\Users\admin\OneDrive\Desktop\Hostel Management System\hostel_management\venv\Lib\site-packages\django\db\models\query.py", line 95, in __iter__
    results = compiler.execute_sql(
        chunked_fetch=self.chunked_fetch, chunk_size=self.chunk_size
    )
  File "C:\Users\admin\OneDrive\Desktop\Hostel Management System\hostel_management\venv\Lib\site-packages\django\db\models\sql\compiler.py", line 1624, in execute_sql
    cursor.execute(sql, params)
    ~~~~~~~~~~~~~~^^^^^^^^^^^^^
  File "C:\Users\admin\OneDrive\Desktop\Hostel Management System\hostel_management\venv\Lib\site-packages\django\db\backends\utils.py", line 122, in execute
    return super().execute(sql, params)
           ~~~~~~~~~~~~~~~^^^^^^^^^^^^^
  File "C:\Users\admin\OneDrive\Desktop\Hostel Management System\hostel_management\venv\Lib\site-packages\django\db\backends\utils.py", line 79, in execute
    return self._execute_with_wrappers(
           ~~~~~~~~~~~~~~~~~~~~~~~~~~~^
        sql, params, many=False, executor=self._execute
        ^^^^^^^^^^^^^^^^^^^^^^^^^^^^^^^^^^^^^^^^^^^^^^^
    )
    ^
  File "C:\Users\admin\OneDrive\Desktop\Hostel Management System\hostel_management\venv\Lib\site-packages\django\db\backends\utils.py", line 92, in _execute_with_wrappers
    return executor(sql, params, many, context)
  File "C:\Users\admin\OneDrive\Desktop\Hostel Management System\hostel_management\venv\Lib\site-packages\django\db\backends\utils.py", line 100, in _execute
    with self.db.wrap_database_errors:
         ^^^^^^^^^^^^^^^^^^^^^^^^^^^^
  File "C:\Users\admin\OneDrive\Desktop\Hostel Management System\hostel_management\venv\Lib\site-packages\django\db\utils.py", line 94, in __exit__
    raise dj_exc_value.with_traceback(traceback) from exc_value
  File "C:\Users\admin\OneDrive\Desktop\Hostel Management System\hostel_management\venv\Lib\site-packages\django\db\backends\utils.py", line 105, in _execute
    return self.cursor.execute(sql, params)
           ~~~~~~~~~~~~~~~~~~~^^^^^^^^^^^^^
  File "C:\Users\admin\OneDrive\Desktop\Hostel Management System\hostel_management\venv\Lib\site-packages\django\db\backends\sqlite3\base.py", line 359, in execute
    return super().execute(query, params)
           ~~~~~~~~~~~~~~~^^^^^^^^^^^^^^^
django.db.utils.OperationalError: no such column: accounts_customuser.phone_number
ERROR 2026-05-14 22:43:34,450 log 44316 3404 "POST /login/?next=/ HTTP/1.1" 500 170747
INFO 2026-05-14 22:54:57,114 log 44316 28740 "POST /login/?next=/ HTTP/1.1" 302 0
INFO 2026-05-14 22:54:57,122 log 44316 28740 "GET / HTTP/1.1" 302 0
ERROR 2026-05-14 22:54:57,180 log 44316 28740 Internal Server Error: /student/
Traceback (most recent call last):
  File "C:\Users\admin\OneDrive\Desktop\Hostel Management System\hostel_management\venv\Lib\site-packages\django\db\backends\utils.py", line 105, in _execute
    return self.cursor.execute(sql, params)
           ~~~~~~~~~~~~~~~~~~~^^^^^^^^^^^^^
  File "C:\Users\admin\OneDrive\Desktop\Hostel Management System\hostel_management\venv\Lib\site-packages\django\db\backends\sqlite3\base.py", line 359, in execute
    return super().execute(query, params)
           ~~~~~~~~~~~~~~~^^^^^^^^^^^^^^^
sqlite3.OperationalError: no such column: core_roomallocation.allocated_by

The above exception was the direct cause of the following exception:

Traceback (most recent call last):
  File "C:\Users\admin\OneDrive\Desktop\Hostel Management System\hostel_management\venv\Lib\site-packages\django\core\handlers\exception.py", line 55, in inner
    response = get_response(request)
  File "C:\Users\admin\OneDrive\Desktop\Hostel Management System\hostel_management\venv\Lib\site-packages\django\core\handlers\base.py", line 198, in _get_response
    response = wrapped_callback(request, *callback_args, **callback_kwargs)
  File "C:\Users\admin\OneDrive\Desktop\Hostel Management System\hostel_management\venv\Lib\site-packages\django\contrib\auth\decorators.py", line 59, in _view_wrapper
    return view_func(request, *args, **kwargs)
  File "C:\Users\admin\OneDrive\Desktop\Hostel Management System\hostel_management\venv\Lib\site-packages\django\contrib\auth\decorators.py", line 59, in _view_wrapper
    return view_func(request, *args, **kwargs)
  File "C:\Users\admin\OneDrive\Desktop\Hostel Management System\hostel_management\venv\Lib\site-packages\django\contrib\auth\decorators.py", line 59, in _view_wrapper
    return view_func(request, *args, **kwargs)
  File "C:\Users\admin\OneDrive\Desktop\Hostel Management System\hostel_management\accounts\views.py", line 118, in student_dashboard
    room = RoomAllocation.objects.filter(student=student, is_active=True).first()
  File "C:\Users\admin\OneDrive\Desktop\Hostel Management System\hostel_management\venv\Lib\site-packages\django\db\models\query.py", line 1145, in first
    for obj in queryset[:1]:
               ~~~~~~~~^^^^
  File "C:\Users\admin\OneDrive\Desktop\Hostel Management System\hostel_management\venv\Lib\site-packages\django\db\models\query.py", line 390, in __iter__
    self._fetch_all()
    ~~~~~~~~~~~~~~~^^
  File "C:\Users\admin\OneDrive\Desktop\Hostel Management System\hostel_management\venv\Lib\site-packages\django\db\models\query.py", line 2000, in _fetch_all
    self._result_cache = list(self._iterable_class(self))
                         ~~~~^^^^^^^^^^^^^^^^^^^^^^^^^^^^
  File "C:\Users\admin\OneDrive\Desktop\Hostel Management System\hostel_management\venv\Lib\site-packages\django\db\models\query.py", line 95, in __iter__
    results = compiler.execute_sql(
        chunked_fetch=self.chunked_fetch, chunk_size=self.chunk_size
    )
  File "C:\Users\admin\OneDrive\Desktop\Hostel Management System\hostel_management\venv\Lib\site-packages\django\db\models\sql\compiler.py", line 1624, in execute_sql
    cursor.execute(sql, params)
    ~~~~~~~~~~~~~~^^^^^^^^^^^^^
  File "C:\Users\admin\OneDrive\Desktop\Hostel Management System\hostel_management\venv\Lib\site-packages\django\db\backends\utils.py", line 122, in execute
    return super().execute(sql, params)
           ~~~~~~~~~~~~~~~^^^^^^^^^^^^^
  File "C:\Users\admin\OneDrive\Desktop\Hostel Management System\hostel_management\venv\Lib\site-packages\django\db\backends\utils.py", line 79, in execute
    return self._execute_with_wrappers(
           ~~~~~~~~~~~~~~~~~~~~~~~~~~~^
        sql, params, many=False, executor=self._execute
        ^^^^^^^^^^^^^^^^^^^^^^^^^^^^^^^^^^^^^^^^^^^^^^^
    )
    ^
  File "C:\Users\admin\OneDrive\Desktop\Hostel Management System\hostel_management\venv\Lib\site-packages\django\db\backends\utils.py", line 92, in _execute_with_wrappers
    return executor(sql, params, many, context)
  File "C:\Users\admin\OneDrive\Desktop\Hostel Management System\hostel_management\venv\Lib\site-packages\django\db\backends\utils.py", line 100, in _execute
    with self.db.wrap_database_errors:
         ^^^^^^^^^^^^^^^^^^^^^^^^^^^^
  File "C:\Users\admin\OneDrive\Desktop\Hostel Management System\hostel_management\venv\Lib\site-packages\django\db\utils.py", line 94, in __exit__
    raise dj_exc_value.with_traceback(traceback) from exc_value
  File "C:\Users\admin\OneDrive\Desktop\Hostel Management System\hostel_management\venv\Lib\site-packages\django\db\backends\utils.py", line 105, in _execute
    return self.cursor.execute(sql, params)
           ~~~~~~~~~~~~~~~~~~~^^^^^^^^^^^^^
  File "C:\Users\admin\OneDrive\Desktop\Hostel Management System\hostel_management\venv\Lib\site-packages\django\db\backends\sqlite3\base.py", line 359, in execute
    return super().execute(query, params)
           ~~~~~~~~~~~~~~~^^^^^^^^^^^^^^^
django.db.utils.OperationalError: no such column: core_roomallocation.allocated_by
ERROR 2026-05-14 22:54:57,185 log 44316 28740 "GET /student/ HTTP/1.1" 500 159346
INFO 2026-05-14 23:07:00,049 autoreload 44316 42332 C:\Users\admin\OneDrive\Desktop\Hostel Management System\hostel_management\operations\models.py changed, reloading.
INFO 2026-05-14 23:07:01,052 autoreload 44780 15472 Watching for file changes with StatReloader
INFO 2026-05-14 23:08:44,217 autoreload 44780 15472 C:\Users\admin\OneDrive\Desktop\Hostel Management System\hostel_management\operations\models.py changed, reloading.
INFO 2026-05-14 23:08:45,056 autoreload 40828 45348 Watching for file changes with StatReloader
ERROR 2026-05-14 23:28:17,186 log 40828 31332 Internal Server Error: /student/
Traceback (most recent call last):
  File "C:\Users\admin\OneDrive\Desktop\Hostel Management System\hostel_management\venv\Lib\site-packages\django\core\handlers\exception.py", line 55, in inner
    response = get_response(request)
  File "C:\Users\admin\OneDrive\Desktop\Hostel Management System\hostel_management\venv\Lib\site-packages\django\core\handlers\base.py", line 198, in _get_response
    response = wrapped_callback(request, *callback_args, **callback_kwargs)
  File "C:\Users\admin\OneDrive\Desktop\Hostel Management System\hostel_management\venv\Lib\site-packages\django\contrib\auth\decorators.py", line 59, in _view_wrapper
    return view_func(request, *args, **kwargs)
  File "C:\Users\admin\OneDrive\Desktop\Hostel Management System\hostel_management\venv\Lib\site-packages\django\contrib\auth\decorators.py", line 59, in _view_wrapper
    return view_func(request, *args, **kwargs)
  File "C:\Users\admin\OneDrive\Desktop\Hostel Management System\hostel_management\venv\Lib\site-packages\django\contrib\auth\decorators.py", line 59, in _view_wrapper
    return view_func(request, *args, **kwargs)
  File "C:\Users\admin\OneDrive\Desktop\Hostel Management System\hostel_management\accounts\views.py", line 120, in student_dashboard
    pending_complaints = complaints.filter(status='pending').count()
                         ~~~~~~~~~~~~~~~~~^^^^^^^^^^^^^^^^^^
  File "C:\Users\admin\OneDrive\Desktop\Hostel Management System\hostel_management\venv\Lib\site-packages\django\db\models\query.py", line 1542, in filter
    return self._filter_or_exclude(False, args, kwargs)
           ~~~~~~~~~~~~~~~~~~~~~~~^^^^^^^^^^^^^^^^^^^^^
  File "C:\Users\admin\OneDrive\Desktop\Hostel Management System\hostel_management\venv\Lib\site-packages\django\db\models\query.py", line 1554, in _filter_or_exclude
    raise TypeError("Cannot filter a query once a slice has been taken.")
TypeError: Cannot filter a query once a slice has been taken.
ERROR 2026-05-14 23:28:17,191 log 40828 31332 "GET /student/ HTTP/1.1" 500 96556
INFO 2026-05-14 23:28:17,972 log 40828 31332 "GET /login/?next=/ HTTP/1.1" 302 0
INFO 2026-05-14 23:28:33,151 autoreload 11344 45232 Watching for file changes with StatReloader
INFO 2026-05-14 23:28:36,543 log 11344 46548 "GET / HTTP/1.1" 302 0
ERROR 2026-05-14 23:28:36,622 log 11344 46548 Internal Server Error: /student/
Traceback (most recent call last):
  File "C:\Users\admin\OneDrive\Desktop\Hostel Management System\hostel_management\venv\Lib\site-packages\django\core\handlers\exception.py", line 55, in inner
    response = get_response(request)
  File "C:\Users\admin\OneDrive\Desktop\Hostel Management System\hostel_management\venv\Lib\site-packages\django\core\handlers\base.py", line 198, in _get_response
    response = wrapped_callback(request, *callback_args, **callback_kwargs)
  File "C:\Users\admin\OneDrive\Desktop\Hostel Management System\hostel_management\venv\Lib\site-packages\django\contrib\auth\decorators.py", line 59, in _view_wrapper
    return view_func(request, *args, **kwargs)
  File "C:\Users\admin\OneDrive\Desktop\Hostel Management System\hostel_management\venv\Lib\site-packages\django\contrib\auth\decorators.py", line 59, in _view_wrapper
    return view_func(request, *args, **kwargs)
  File "C:\Users\admin\OneDrive\Desktop\Hostel Management System\hostel_management\venv\Lib\site-packages\django\contrib\auth\decorators.py", line 59, in _view_wrapper
    return view_func(request, *args, **kwargs)
  File "C:\Users\admin\OneDrive\Desktop\Hostel Management System\hostel_management\accounts\views.py", line 120, in student_dashboard
    pending_complaints = complaints.filter(status='pending').count()
                         ~~~~~~~~~~~~~~~~~^^^^^^^^^^^^^^^^^^
  File "C:\Users\admin\OneDrive\Desktop\Hostel Management System\hostel_management\venv\Lib\site-packages\django\db\models\query.py", line 1542, in filter
    return self._filter_or_exclude(False, args, kwargs)
           ~~~~~~~~~~~~~~~~~~~~~~~^^^^^^^^^^^^^^^^^^^^^
  File "C:\Users\admin\OneDrive\Desktop\Hostel Management System\hostel_management\venv\Lib\site-packages\django\db\models\query.py", line 1554, in _filter_or_exclude
    raise TypeError("Cannot filter a query once a slice has been taken.")
TypeError: Cannot filter a query once a slice has been taken.
ERROR 2026-05-14 23:28:36,626 log 11344 46548 "GET /student/ HTTP/1.1" 500 96255
INFO 2026-05-14 23:28:52,949 log 11344 46548 "GET /login/ HTTP/1.1" 302 0
INFO 2026-05-14 23:28:52,957 log 11344 46548 "GET / HTTP/1.1" 302 0
ERROR 2026-05-14 23:28:52,983 log 11344 46548 Internal Server Error: /student/
Traceback (most recent call last):
  File "C:\Users\admin\OneDrive\Desktop\Hostel Management System\hostel_management\venv\Lib\site-packages\django\core\handlers\exception.py", line 55, in inner
    response = get_response(request)
  File "C:\Users\admin\OneDrive\Desktop\Hostel Management System\hostel_management\venv\Lib\site-packages\django\core\handlers\base.py", line 198, in _get_response
    response = wrapped_callback(request, *callback_args, **callback_kwargs)
  File "C:\Users\admin\OneDrive\Desktop\Hostel Management System\hostel_management\venv\Lib\site-packages\django\contrib\auth\decorators.py", line 59, in _view_wrapper
    return view_func(request, *args, **kwargs)
  File "C:\Users\admin\OneDrive\Desktop\Hostel Management System\hostel_management\venv\Lib\site-packages\django\contrib\auth\decorators.py", line 59, in _view_wrapper
    return view_func(request, *args, **kwargs)
  File "C:\Users\admin\OneDrive\Desktop\Hostel Management System\hostel_management\venv\Lib\site-packages\django\contrib\auth\decorators.py", line 59, in _view_wrapper
    return view_func(request, *args, **kwargs)
  File "C:\Users\admin\OneDrive\Desktop\Hostel Management System\hostel_management\accounts\views.py", line 120, in student_dashboard
    pending_complaints = complaints.filter(status='pending').count()
                         ~~~~~~~~~~~~~~~~~^^^^^^^^^^^^^^^^^^
  File "C:\Users\admin\OneDrive\Desktop\Hostel Management System\hostel_management\venv\Lib\site-packages\django\db\models\query.py", line 1542, in filter
    return self._filter_or_exclude(False, args, kwargs)
           ~~~~~~~~~~~~~~~~~~~~~~~^^^^^^^^^^^^^^^^^^^^^
  File "C:\Users\admin\OneDrive\Desktop\Hostel Management System\hostel_management\venv\Lib\site-packages\django\db\models\query.py", line 1554, in _filter_or_exclude
    raise TypeError("Cannot filter a query once a slice has been taken.")
TypeError: Cannot filter a query once a slice has been taken.
ERROR 2026-05-14 23:28:52,986 log 11344 46548 "GET /student/ HTTP/1.1" 500 96255
INFO 2026-05-14 23:29:19,973 autoreload 28860 44692 Watching for file changes with StatReloader
INFO 2026-05-14 23:30:04,734 log 11344 27548 "GET /login/ HTTP/1.1" 200 12850
WARNING 2026-05-14 23:30:06,774 log 11344 27548 Not Found: /favicon.ico
WARNING 2026-05-14 23:30:06,775 log 11344 27548 "GET /favicon.ico HTTP/1.1" 404 6239
INFO 2026-05-14 23:30:14,327 log 11344 27548 "POST /login/ HTTP/1.1" 302 0
INFO 2026-05-14 23:30:14,341 log 11344 27548 "GET / HTTP/1.1" 302 0
ERROR 2026-05-14 23:30:14,372 log 11344 27548 Internal Server Error: /student/
Traceback (most recent call last):
  File "C:\Users\admin\OneDrive\Desktop\Hostel Management System\hostel_management\venv\Lib\site-packages\django\core\handlers\exception.py", line 55, in inner
    response = get_response(request)
  File "C:\Users\admin\OneDrive\Desktop\Hostel Management System\hostel_management\venv\Lib\site-packages\django\core\handlers\base.py", line 198, in _get_response
    response = wrapped_callback(request, *callback_args, **callback_kwargs)
  File "C:\Users\admin\OneDrive\Desktop\Hostel Management System\hostel_management\venv\Lib\site-packages\django\contrib\auth\decorators.py", line 59, in _view_wrapper
    return view_func(request, *args, **kwargs)
  File "C:\Users\admin\OneDrive\Desktop\Hostel Management System\hostel_management\venv\Lib\site-packages\django\contrib\auth\decorators.py", line 59, in _view_wrapper
    return view_func(request, *args, **kwargs)
  File "C:\Users\admin\OneDrive\Desktop\Hostel Management System\hostel_management\venv\Lib\site-packages\django\contrib\auth\decorators.py", line 59, in _view_wrapper
    return view_func(request, *args, **kwargs)
  File "C:\Users\admin\OneDrive\Desktop\Hostel Management System\hostel_management\accounts\views.py", line 120, in student_dashboard
    pending_complaints = complaints.filter(status='pending').count()
                         ~~~~~~~~~~~~~~~~~^^^^^^^^^^^^^^^^^^
  File "C:\Users\admin\OneDrive\Desktop\Hostel Management System\hostel_management\venv\Lib\site-packages\django\db\models\query.py", line 1542, in filter
    return self._filter_or_exclude(False, args, kwargs)
           ~~~~~~~~~~~~~~~~~~~~~~~^^^^^^^^^^^^^^^^^^^^^
  File "C:\Users\admin\OneDrive\Desktop\Hostel Management System\hostel_management\venv\Lib\site-packages\django\db\models\query.py", line 1554, in _filter_or_exclude
    raise TypeError("Cannot filter a query once a slice has been taken.")
TypeError: Cannot filter a query once a slice has been taken.
ERROR 2026-05-14 23:30:14,374 log 11344 27548 "GET /student/ HTTP/1.1" 500 96549
INFO 2026-05-14 23:30:35,045 autoreload 11344 45232 C:\Users\admin\OneDrive\Desktop\Hostel Management System\hostel_management\accounts\views.py changed, reloading.
INFO 2026-05-14 23:30:36,104 autoreload 28860 44692 C:\Users\admin\OneDrive\Desktop\Hostel Management System\hostel_management\accounts\views.py changed, reloading.
INFO 2026-05-14 23:30:36,185 autoreload 11828 32816 Watching for file changes with StatReloader
INFO 2026-05-14 23:30:37,436 autoreload 3152 34192 Watching for file changes with StatReloader
INFO 2026-05-14 23:30:42,291 log 11828 23668 "GET /student/ HTTP/1.1" 200 13355
INFO 2026-05-14 23:30:59,921 autoreload 3152 34192 C:\Users\admin\OneDrive\Desktop\Hostel Management System\hostel_management\accounts\views.py changed, reloading.
INFO 2026-05-14 23:31:00,086 autoreload 11828 32816 C:\Users\admin\OneDrive\Desktop\Hostel Management System\hostel_management\accounts\views.py changed, reloading.
INFO 2026-05-14 23:31:00,889 autoreload 32464 44356 Watching for file changes with StatReloader
INFO 2026-05-14 23:31:01,073 autoreload 39724 46276 Watching for file changes with StatReloader
INFO 2026-05-14 23:31:17,331 log 32464 4772 "GET /logout/ HTTP/1.1" 302 0
INFO 2026-05-14 23:31:17,353 log 32464 4772 "GET /login/ HTTP/1.1" 200 13603
INFO 2026-05-14 23:31:25,501 log 32464 4772 "POST /login/ HTTP/1.1" 200 13579
INFO 2026-05-14 23:31:35,033 log 32464 4772 "POST /login/ HTTP/1.1" 200 13579
INFO 2026-05-14 23:32:00,060 log 32464 4772 "POST /login/ HTTP/1.1" 200 13579
INFO 2026-05-14 23:32:33,780 log 32464 4772 "POST /login/ HTTP/1.1" 302 0
INFO 2026-05-14 23:32:33,789 log 32464 4772 "GET / HTTP/1.1" 302 0
INFO 2026-05-14 23:32:33,805 log 32464 4772 "GET /student/ HTTP/1.1" 200 13355
ERROR 2026-05-14 23:33:23,685 log 32464 4772 Internal Server Error: /fees/
Traceback (most recent call last):
  File "C:\Users\admin\OneDrive\Desktop\HOSTEL MANAGEMENT SYSTEM\hostel_management\venv\Lib\site-packages\django\core\handlers\exception.py", line 55, in inner
    response = get_response(request)
  File "C:\Users\admin\OneDrive\Desktop\HOSTEL MANAGEMENT SYSTEM\hostel_management\venv\Lib\site-packages\django\core\handlers\base.py", line 198, in _get_response
    response = wrapped_callback(request, *callback_args, **callback_kwargs)
  File "C:\Users\admin\OneDrive\Desktop\HOSTEL MANAGEMENT SYSTEM\hostel_management\venv\Lib\site-packages\django\contrib\auth\decorators.py", line 59, in _view_wrapper
    return view_func(request, *args, **kwargs)
  File "C:\Users\admin\OneDrive\Desktop\HOSTEL MANAGEMENT SYSTEM\hostel_management\venv\Lib\site-packages\django\contrib\auth\decorators.py", line 59, in _view_wrapper
    return view_func(request, *args, **kwargs)
  File "C:\Users\admin\OneDrive\Desktop\HOSTEL MANAGEMENT SYSTEM\hostel_management\venv\Lib\site-packages\django\contrib\auth\decorators.py", line 59, in _view_wrapper
    return view_func(request, *args, **kwargs)
  File "C:\Users\admin\OneDrive\Desktop\HOSTEL MANAGEMENT SYSTEM\hostel_management\accounts\views.py", line 374, in student_fees
    return render(request, 'fees/student_fees.html', context)
  File "C:\Users\admin\OneDrive\Desktop\HOSTEL MANAGEMENT SYSTEM\hostel_management\venv\Lib\site-packages\django\shortcuts.py", line 25, in render
    content = loader.render_to_string(template_name, context, request, using=using)
  File "C:\Users\admin\OneDrive\Desktop\HOSTEL MANAGEMENT SYSTEM\hostel_management\venv\Lib\site-packages\django\template\loader.py", line 61, in render_to_string
    template = get_template(template_name, using=using)
  File "C:\Users\admin\OneDrive\Desktop\HOSTEL MANAGEMENT SYSTEM\hostel_management\venv\Lib\site-packages\django\template\loader.py", line 19, in get_template
    raise TemplateDoesNotExist(template_name, chain=chain)
django.template.exceptions.TemplateDoesNotExist: fees/student_fees.html
ERROR 2026-05-14 23:33:23,690 log 32464 4772 "GET /fees/ HTTP/1.1" 500 102539
INFO 2026-05-14 23:33:27,054 log 32464 4772 "GET /student/ HTTP/1.1" 200 12975
INFO 2026-05-14 23:33:30,525 log 32464 4772 "GET /logout/ HTTP/1.1" 302 0
INFO 2026-05-14 23:33:30,534 log 32464 4772 "GET /login/ HTTP/1.1" 200 13603
INFO 2026-05-14 23:33:42,038 log 32464 4772 "POST /login/ HTTP/1.1" 200 13579
ERROR 2026-05-14 23:33:46,978 log 32464 4772 Internal Server Error: /register/
Traceback (most recent call last):
  File "C:\Users\admin\OneDrive\Desktop\HOSTEL MANAGEMENT SYSTEM\hostel_management\venv\Lib\site-packages\django\core\handlers\exception.py", line 55, in inner
    response = get_response(request)
  File "C:\Users\admin\OneDrive\Desktop\HOSTEL MANAGEMENT SYSTEM\hostel_management\venv\Lib\site-packages\django\core\handlers\base.py", line 198, in _get_response
    response = wrapped_callback(request, *callback_args, **callback_kwargs)
  File "C:\Users\admin\OneDrive\Desktop\HOSTEL MANAGEMENT SYSTEM\hostel_management\accounts\views.py", line 93, in register_view
    return render(request, 'register.html', {'form': form})
  File "C:\Users\admin\OneDrive\Desktop\HOSTEL MANAGEMENT SYSTEM\hostel_management\venv\Lib\site-packages\django\shortcuts.py", line 25, in render
    content = loader.render_to_string(template_name, context, request, using=using)
  File "C:\Users\admin\OneDrive\Desktop\HOSTEL MANAGEMENT SYSTEM\hostel_management\venv\Lib\site-packages\django\template\loader.py", line 61, in render_to_string
    template = get_template(template_name, using=using)
  File "C:\Users\admin\OneDrive\Desktop\HOSTEL MANAGEMENT SYSTEM\hostel_management\venv\Lib\site-packages\django\template\loader.py", line 19, in get_template
    raise TemplateDoesNotExist(template_name, chain=chain)
django.template.exceptions.TemplateDoesNotExist: register.html
ERROR 2026-05-14 23:33:46,980 log 32464 4772 "GET /register/ HTTP/1.1" 500 86274
INFO 2026-05-14 23:37:45,794 log 32464 4772 "GET /login/ HTTP/1.1" 200 12850
INFO 2026-05-14 23:37:52,056 log 32464 4772 "POST /login/ HTTP/1.1" 302 0
INFO 2026-05-14 23:37:52,065 log 32464 4772 "GET / HTTP/1.1" 302 0
INFO 2026-05-14 23:37:52,247 log 32464 4772 "GET /admin/ HTTP/1.1" 200 20304
INFO 2026-05-14 23:37:52,531 log 32464 4772 "GET /static/admin/css/base.css HTTP/1.1" 200 23100
INFO 2026-05-14 23:37:52,575 log 32464 43884 "GET /static/admin/css/dark_mode.css HTTP/1.1" 200 3538
INFO 2026-05-14 23:37:52,606 log 32464 18844 "GET /static/admin/css/responsive.css HTTP/1.1" 200 16273
INFO 2026-05-14 23:37:52,611 log 32464 36696 "GET /static/admin/css/nav_sidebar.css HTTP/1.1" 200 2810
INFO 2026-05-14 23:37:52,617 log 32464 5096 "GET /static/admin/css/dashboard.css HTTP/1.1" 200 441
INFO 2026-05-14 23:37:52,647 log 32464 43140 "GET /static/admin/js/theme.js HTTP/1.1" 200 1653
INFO 2026-05-14 23:37:52,653 log 32464 5096 "GET /static/admin/js/nav_sidebar.js HTTP/1.1" 200 3063
INFO 2026-05-14 23:37:52,679 log 32464 5096 "GET /static/admin/img/icon-yes.svg HTTP/1.1" 200 558
INFO 2026-05-14 23:37:52,681 log 32464 43140 "GET /static/admin/img/icon-addlink.svg HTTP/1.1" 200 593
INFO 2026-05-14 23:37:52,681 log 32464 36696 "GET /static/admin/img/icon-changelink.svg HTTP/1.1" 200 978
INFO 2026-05-14 23:38:00,497 log 32464 36696 "GET / HTTP/1.1" 302 0
INFO 2026-05-14 23:38:00,512 log 32464 36696 "GET /admin/ HTTP/1.1" 200 20178
INFO 2026-05-14 23:38:12,702 log 32464 36696 "GET / HTTP/1.1" 302 0
INFO 2026-05-14 23:38:12,716 log 32464 36696 "GET /admin/ HTTP/1.1" 200 20178
INFO 2026-05-14 23:39:01,332 log 32464 36696 "GET /register/ HTTP/1.1" 302 0
INFO 2026-05-14 23:39:01,338 log 32464 36696 "GET / HTTP/1.1" 302 0
INFO 2026-05-14 23:39:01,350 log 32464 36696 "GET /admin/ HTTP/1.1" 200 20178
INFO 2026-05-14 23:39:08,288 log 32464 36696 "POST /admin/logout/ HTTP/1.1" 200 3475
ERROR 2026-05-14 23:39:17,741 log 32464 36696 Internal Server Error: /register/
Traceback (most recent call last):
  File "C:\Users\admin\OneDrive\Desktop\HOSTEL MANAGEMENT SYSTEM\hostel_management\venv\Lib\site-packages\django\core\handlers\exception.py", line 55, in inner
    response = get_response(request)
  File "C:\Users\admin\OneDrive\Desktop\HOSTEL MANAGEMENT SYSTEM\hostel_management\venv\Lib\site-packages\django\core\handlers\base.py", line 198, in _get_response
    response = wrapped_callback(request, *callback_args, **callback_kwargs)
  File "C:\Users\admin\OneDrive\Desktop\HOSTEL MANAGEMENT SYSTEM\hostel_management\accounts\views.py", line 93, in register_view
    return render(request, 'register.html', {'form': form})
  File "C:\Users\admin\OneDrive\Desktop\HOSTEL MANAGEMENT SYSTEM\hostel_management\venv\Lib\site-packages\django\shortcuts.py", line 25, in render
    content = loader.render_to_string(template_name, context, request, using=using)
  File "C:\Users\admin\OneDrive\Desktop\HOSTEL MANAGEMENT SYSTEM\hostel_management\venv\Lib\site-packages\django\template\loader.py", line 61, in render_to_string
    template = get_template(template_name, using=using)
  File "C:\Users\admin\OneDrive\Desktop\HOSTEL MANAGEMENT SYSTEM\hostel_management\venv\Lib\site-packages\django\template\loader.py", line 19, in get_template
    raise TemplateDoesNotExist(template_name, chain=chain)
django.template.exceptions.TemplateDoesNotExist: register.html
ERROR 2026-05-14 23:39:17,744 log 32464 36696 "GET /register/ HTTP/1.1" 500 86117
INFO 2026-05-14 23:42:05,605 log 32464 13300 "GET /register/ HTTP/1.1" 200 14842
INFO 2026-05-14 23:42:25,753 log 32464 13300 "GET /login/ HTTP/1.1" 200 12850
INFO 2026-05-14 23:42:46,428 log 32464 13300 "POST /login/ HTTP/1.1" 302 0
INFO 2026-05-14 23:42:46,439 log 32464 13300 "GET / HTTP/1.1" 302 0
INFO 2026-05-14 23:42:46,458 log 32464 13300 "GET /student/ HTTP/1.1" 200 13405
INFO 2026-05-14 23:44:13,851 log 32464 13300 "GET /fees/ HTTP/1.1" 200 14532
INFO 2026-05-14 23:44:18,550 log 32464 13300 "GET /fee/1/ HTTP/1.1" 200 14099
INFO 2026-05-14 23:44:22,247 log 32464 13300 "GET /fees/ HTTP/1.1" 200 14532
INFO 2026-05-14 23:44:26,390 log 32464 34836 "GET /profile/ HTTP/1.1" 200 16068
INFO 2026-05-15 10:49:13,004 autoreload 32464 44356 C:\Users\admin\OneDrive\Desktop\Hostel Management System\hostel_management\accounts\forms.py changed, reloading.
INFO 2026-05-15 10:49:16,206 autoreload 40304 45424 Watching for file changes with StatReloader
INFO 2026-05-15 10:49:29,477 autoreload 40304 45424 C:\Users\admin\OneDrive\Desktop\Hostel Management System\hostel_management\accounts\forms.py changed, reloading.
INFO 2026-05-15 10:49:31,460 autoreload 26724 9408 Watching for file changes with StatReloader
INFO 2026-05-15 10:49:56,006 autoreload 26724 9408 C:\Users\admin\OneDrive\Desktop\Hostel Management System\hostel_management\accounts\forms.py changed, reloading.
INFO 2026-05-15 10:49:57,936 autoreload 33380 6336 Watching for file changes with StatReloader
INFO 2026-05-15 10:50:12,656 autoreload 33380 6336 C:\Users\admin\OneDrive\Desktop\Hostel Management System\hostel_management\accounts\views.py changed, reloading.
INFO 2026-05-15 10:50:14,745 autoreload 29052 7092 Watching for file changes with StatReloader
INFO 2026-05-15 10:50:25,213 autoreload 29052 7092 C:\Users\admin\OneDrive\Desktop\Hostel Management System\hostel_management\accounts\forms.py changed, reloading.
INFO 2026-05-15 10:50:26,851 autoreload 48512 48480 Watching for file changes with StatReloader
INFO 2026-05-15 10:50:45,210 autoreload 48512 48480 C:\Users\admin\OneDrive\Desktop\Hostel Management System\hostel_management\operations\models.py changed, reloading.
INFO 2026-05-15 10:50:46,789 autoreload 49072 41044 Watching for file changes with StatReloader
INFO 2026-05-15 10:51:07,025 autoreload 49072 41044 C:\Users\admin\OneDrive\Desktop\Hostel Management System\hostel_management\operations\models.py changed, reloading.
INFO 2026-05-15 10:51:08,274 autoreload 41364 41888 Watching for file changes with StatReloader
INFO 2026-05-15 10:51:10,327 autoreload 41364 41888 C:\Users\admin\OneDrive\Desktop\Hostel Management System\hostel_management\accounts\views.py changed, reloading.
INFO 2026-05-15 10:51:12,555 autoreload 39120 22716 Watching for file changes with StatReloader
INFO 2026-05-15 10:51:17,839 autoreload 39120 22716 C:\Users\admin\OneDrive\Desktop\Hostel Management System\hostel_management\operations\models.py changed, reloading.
INFO 2026-05-15 10:51:19,433 autoreload 49052 15508 Watching for file changes with StatReloader
INFO 2026-05-15 10:51:21,254 autoreload 49052 15508 C:\Users\admin\OneDrive\Desktop\Hostel Management System\hostel_management\accounts\views.py changed, reloading.
INFO 2026-05-15 10:51:22,545 autoreload 47896 38376 Watching for file changes with StatReloader
INFO 2026-05-15 10:51:37,297 autoreload 47896 38376 C:\Users\admin\OneDrive\Desktop\Hostel Management System\hostel_management\accounts\views.py changed, reloading.
INFO 2026-05-15 10:51:38,748 autoreload 25572 29892 Watching for file changes with StatReloader
INFO 2026-05-15 10:51:54,621 autoreload 25572 29892 C:\Users\admin\OneDrive\Desktop\Hostel Management System\hostel_management\accounts\views.py changed, reloading.
INFO 2026-05-15 10:51:55,953 autoreload 27252 33288 Watching for file changes with StatReloader
INFO 2026-05-15 10:52:15,050 autoreload 27252 33288 C:\Users\admin\OneDrive\Desktop\Hostel Management System\hostel_management\accounts\urls.py changed, reloading.
INFO 2026-05-15 10:52:16,421 autoreload 11196 33660 Watching for file changes with StatReloader
INFO 2026-05-15 10:52:28,897 autoreload 11196 33660 C:\Users\admin\OneDrive\Desktop\Hostel Management System\hostel_management\accounts\urls.py changed, reloading.
INFO 2026-05-15 10:52:30,259 autoreload 13440 36500 Watching for file changes with StatReloader
INFO 2026-05-15 10:53:17,258 autoreload 13440 36500 C:\Users\admin\OneDrive\Desktop\Hostel Management System\hostel_management\accounts\urls.py changed, reloading.
INFO 2026-05-15 10:53:18,666 autoreload 17016 14676 Watching for file changes with StatReloader
INFO 2026-05-15 10:53:23,715 autoreload 17016 14676 C:\Users\admin\OneDrive\Desktop\Hostel Management System\hostel_management\accounts\urls.py changed, reloading.
INFO 2026-05-15 10:53:25,168 autoreload 14608 22132 Watching for file changes with StatReloader
INFO 2026-05-15 10:53:28,705 autoreload 14608 22132 C:\Users\admin\OneDrive\Desktop\Hostel Management System\hostel_management\accounts\urls.py changed, reloading.
INFO 2026-05-15 10:53:30,081 autoreload 6244 11884 Watching for file changes with StatReloader
INFO 2026-05-15 10:54:35,599 autoreload 6244 11884 C:\Users\admin\OneDrive\Desktop\Hostel Management System\hostel_management\accounts\urls.py changed, reloading.
INFO 2026-05-15 10:54:38,497 autoreload 46188 48328 Watching for file changes with StatReloader
INFO 2026-05-15 10:55:58,988 autoreload 46188 48328 C:\Users\admin\OneDrive\Desktop\Hostel Management System\hostel_management\accounts\urls.py changed, reloading.
INFO 2026-05-15 10:56:00,203 autoreload 47188 33156 Watching for file changes with StatReloader
INFO 2026-05-15 10:56:45,537 autoreload 47188 33156 C:\Users\admin\OneDrive\Desktop\Hostel Management System\hostel_management\accounts\urls.py changed, reloading.
INFO 2026-05-15 10:56:46,751 autoreload 38840 33060 Watching for file changes with StatReloader
INFO 2026-05-15 10:56:49,654 autoreload 38840 33060 C:\Users\admin\OneDrive\Desktop\Hostel Management System\hostel_management\accounts\urls.py changed, reloading.
INFO 2026-05-15 10:56:51,033 autoreload 41192 42252 Watching for file changes with StatReloader
INFO 2026-05-15 10:57:48,515 autoreload 29112 43360 Watching for file changes with StatReloader
INFO 2026-05-15 10:57:54,848 log 41192 44928 "GET / HTTP/1.1" 302 0
ERROR 2026-05-15 10:57:55,174 log 41192 44928 Internal Server Error: /login/
Traceback (most recent call last):
  File "C:\Users\admin\OneDrive\Desktop\HOSTEL MANAGEMENT SYSTEM\hostel_management\venv\Lib\site-packages\django\template\smartif.py", line 181, in translate_token
    op = OPERATORS[token]
         ~~~~~~~~~^^^^^^^
KeyError: 'user.notifications.filter(is_read=False).count'

During handling of the above exception, another exception occurred:

Traceback (most recent call last):
  File "C:\Users\admin\OneDrive\Desktop\HOSTEL MANAGEMENT SYSTEM\hostel_management\venv\Lib\site-packages\django\core\handlers\exception.py", line 55, in inner
    response = get_response(request)
  File "C:\Users\admin\OneDrive\Desktop\HOSTEL MANAGEMENT SYSTEM\hostel_management\venv\Lib\site-packages\django\core\handlers\base.py", line 198, in _get_response
    response = wrapped_callback(request, *callback_args, **callback_kwargs)
  File "C:\Users\admin\OneDrive\Desktop\HOSTEL MANAGEMENT SYSTEM\hostel_management\accounts\views.py", line 59, in login_view
    return render(request, 'login.html')
  File "C:\Users\admin\OneDrive\Desktop\HOSTEL MANAGEMENT SYSTEM\hostel_management\venv\Lib\site-packages\django\shortcuts.py", line 25, in render
    content = loader.render_to_string(template_name, context, request, using=using)
  File "C:\Users\admin\OneDrive\Desktop\HOSTEL MANAGEMENT SYSTEM\hostel_management\venv\Lib\site-packages\django\template\loader.py", line 62, in render_to_string
    return template.render(context, request)
           ~~~~~~~~~~~~~~~^^^^^^^^^^^^^^^^^^
  File "C:\Users\admin\OneDrive\Desktop\HOSTEL MANAGEMENT SYSTEM\hostel_management\venv\Lib\site-packages\django\template\backends\django.py", line 107, in render
    return self.template.render(context)
           ~~~~~~~~~~~~~~~~~~~~^^^^^^^^^
  File "C:\Users\admin\OneDrive\Desktop\HOSTEL MANAGEMENT SYSTEM\hostel_management\venv\Lib\site-packages\django\template\base.py", line 174, in render
    return self._render(context)
           ~~~~~~~~~~~~^^^^^^^^^
  File "C:\Users\admin\OneDrive\Desktop\HOSTEL MANAGEMENT SYSTEM\hostel_management\venv\Lib\site-packages\django\template\base.py", line 166, in _render
    return self.nodelist.render(context)
           ~~~~~~~~~~~~~~~~~~~~^^^^^^^^^
  File "C:\Users\admin\OneDrive\Desktop\HOSTEL MANAGEMENT SYSTEM\hostel_management\venv\Lib\site-packages\django\template\base.py", line 1091, in render
    return SafeString("".join([node.render_annotated(context) for node in self]))
                               ~~~~~~~~~~~~~~~~~~~~~^^^^^^^^^
  File "C:\Users\admin\OneDrive\Desktop\HOSTEL MANAGEMENT SYSTEM\hostel_management\venv\Lib\site-packages\django\template\base.py", line 1052, in render_annotated
    return self.render(context)
           ~~~~~~~~~~~^^^^^^^^^
  File "C:\Users\admin\OneDrive\Desktop\HOSTEL MANAGEMENT SYSTEM\hostel_management\venv\Lib\site-packages\django\template\loader_tags.py", line 135, in render
    compiled_parent = self.get_parent(context)
  File "C:\Users\admin\OneDrive\Desktop\HOSTEL MANAGEMENT SYSTEM\hostel_management\venv\Lib\site-packages\django\template\loader_tags.py", line 132, in get_parent
    return self.find_template(parent, context)
           ~~~~~~~~~~~~~~~~~~^^^^^^^^^^^^^^^^^
  File "C:\Users\admin\OneDrive\Desktop\HOSTEL MANAGEMENT SYSTEM\hostel_management\venv\Lib\site-packages\django\template\loader_tags.py", line 110, in find_template
    template, origin = context.template.engine.find_template(
                       ~~~~~~~~~~~~~~~~~~~~~~~~~~~~~~~~~~~~~^
        template_name,
        ^^^^^^^^^^^^^^
        skip=history,
        ^^^^^^^^^^^^^
    )
    ^
  File "C:\Users\admin\OneDrive\Desktop\HOSTEL MANAGEMENT SYSTEM\hostel_management\venv\Lib\site-packages\django\template\engine.py", line 159, in find_template
    template = loader.get_template(name, skip=skip)
  File "C:\Users\admin\OneDrive\Desktop\HOSTEL MANAGEMENT SYSTEM\hostel_management\venv\Lib\site-packages\django\template\loaders\cached.py", line 57, in get_template
    template = super().get_template(template_name, skip)
  File "C:\Users\admin\OneDrive\Desktop\HOSTEL MANAGEMENT SYSTEM\hostel_management\venv\Lib\site-packages\django\template\loaders\base.py", line 28, in get_template
    return Template(
        contents,
    ...<2 lines>...
        self.engine,
    )
  File "C:\Users\admin\OneDrive\Desktop\HOSTEL MANAGEMENT SYSTEM\hostel_management\venv\Lib\site-packages\django\template\base.py", line 157, in __init__
    self.nodelist = self.compile_nodelist()
                    ~~~~~~~~~~~~~~~~~~~~~^^
  File "C:\Users\admin\OneDrive\Desktop\HOSTEL MANAGEMENT SYSTEM\hostel_management\venv\Lib\site-packages\django\template\base.py", line 199, in compile_nodelist
    nodelist = parser.parse()
  File "C:\Users\admin\OneDrive\Desktop\HOSTEL MANAGEMENT SYSTEM\hostel_management\venv\Lib\site-packages\django\template\base.py", line 585, in parse
    raise self.error(token, e)
  File "C:\Users\admin\OneDrive\Desktop\HOSTEL MANAGEMENT SYSTEM\hostel_management\venv\Lib\site-packages\django\template\base.py", line 583, in parse
    compiled_result = compile_func(self, token)
  File "C:\Users\admin\OneDrive\Desktop\HOSTEL MANAGEMENT SYSTEM\hostel_management\venv\Lib\site-packages\django\template\defaulttags.py", line 994, in do_if
    nodelist = parser.parse(("elif", "else", "endif"))
  File "C:\Users\admin\OneDrive\Desktop\HOSTEL MANAGEMENT SYSTEM\hostel_management\venv\Lib\site-packages\django\template\base.py", line 585, in parse
    raise self.error(token, e)
  File "C:\Users\admin\OneDrive\Desktop\HOSTEL MANAGEMENT SYSTEM\hostel_management\venv\Lib\site-packages\django\template\base.py", line 583, in parse
    compiled_result = compile_func(self, token)
  File "C:\Users\admin\OneDrive\Desktop\HOSTEL MANAGEMENT SYSTEM\hostel_management\venv\Lib\site-packages\django\template\defaulttags.py", line 993, in do_if
    condition = TemplateIfParser(parser, bits).parse()
                ~~~~~~~~~~~~~~~~^^^^^^^^^^^^^^
  File "C:\Users\admin\OneDrive\Desktop\HOSTEL MANAGEMENT SYSTEM\hostel_management\venv\Lib\site-packages\django\template\defaulttags.py", line 926, in __init__
    super().__init__(*args, **kwargs)
    ~~~~~~~~~~~~~~~~^^^^^^^^^^^^^^^^^
  File "C:\Users\admin\OneDrive\Desktop\HOSTEL MANAGEMENT SYSTEM\hostel_management\venv\Lib\site-packages\django\template\smartif.py", line 172, in __init__
    mapped_tokens.append(self.translate_token(token))
                         ~~~~~~~~~~~~~~~~~~~~^^^^^^^
  File "C:\Users\admin\OneDrive\Desktop\HOSTEL MANAGEMENT SYSTEM\hostel_management\venv\Lib\site-packages\django\template\smartif.py", line 183, in translate_token
    return self.create_var(token)
           ~~~~~~~~~~~~~~~^^^^^^^
  File "C:\Users\admin\OneDrive\Desktop\HOSTEL MANAGEMENT SYSTEM\hostel_management\venv\Lib\site-packages\django\template\defaulttags.py", line 929, in create_var
    return TemplateLiteral(self.template_parser.compile_filter(value), value)
                           ~~~~~~~~~~~~~~~~~~~~~~~~~~~~~~~~~~~^^^^^^^
  File "C:\Users\admin\OneDrive\Desktop\HOSTEL MANAGEMENT SYSTEM\hostel_management\venv\Lib\site-packages\django\template\base.py", line 676, in compile_filter
    return FilterExpression(token, self)
  File "C:\Users\admin\OneDrive\Desktop\HOSTEL MANAGEMENT SYSTEM\hostel_management\venv\Lib\site-packages\django\template\base.py", line 776, in __init__
    raise TemplateSyntaxError(
    ...<2 lines>...
    )
django.template.exceptions.TemplateSyntaxError: Template: C:\Users\admin\OneDrive\Desktop\Hostel Management System\hostel_management\templates\base.html, Could not parse the remainder: '(is_read=False).count' from 'user.notifications.filter(is_read=False).count'
ERROR 2026-05-15 10:57:55,190 log 41192 44928 "GET /login/?next=/ HTTP/1.1" 500 242871
ERROR 2026-05-15 10:58:28,509 log 41192 44928 Internal Server Error: /login/
Traceback (most recent call last):
  File "C:\Users\admin\OneDrive\Desktop\HOSTEL MANAGEMENT SYSTEM\hostel_management\venv\Lib\site-packages\django\template\smartif.py", line 181, in translate_token
    op = OPERATORS[token]
         ~~~~~~~~~^^^^^^^
KeyError: 'user.notifications.filter(is_read=False).count'

During handling of the above exception, another exception occurred:

Traceback (most recent call last):
  File "C:\Users\admin\OneDrive\Desktop\HOSTEL MANAGEMENT SYSTEM\hostel_management\venv\Lib\site-packages\django\core\handlers\exception.py", line 55, in inner
    response = get_response(request)
  File "C:\Users\admin\OneDrive\Desktop\HOSTEL MANAGEMENT SYSTEM\hostel_management\venv\Lib\site-packages\django\core\handlers\base.py", line 198, in _get_response
    response = wrapped_callback(request, *callback_args, **callback_kwargs)
  File "C:\Users\admin\OneDrive\Desktop\HOSTEL MANAGEMENT SYSTEM\hostel_management\accounts\views.py", line 59, in login_view
    return render(request, 'login.html')
  File "C:\Users\admin\OneDrive\Desktop\HOSTEL MANAGEMENT SYSTEM\hostel_management\venv\Lib\site-packages\django\shortcuts.py", line 25, in render
    content = loader.render_to_string(template_name, context, request, using=using)
  File "C:\Users\admin\OneDrive\Desktop\HOSTEL MANAGEMENT SYSTEM\hostel_management\venv\Lib\site-packages\django\template\loader.py", line 62, in render_to_string
    return template.render(context, request)
           ~~~~~~~~~~~~~~~^^^^^^^^^^^^^^^^^^
  File "C:\Users\admin\OneDrive\Desktop\HOSTEL MANAGEMENT SYSTEM\hostel_management\venv\Lib\site-packages\django\template\backends\django.py", line 107, in render
    return self.template.render(context)
           ~~~~~~~~~~~~~~~~~~~~^^^^^^^^^
  File "C:\Users\admin\OneDrive\Desktop\HOSTEL MANAGEMENT SYSTEM\hostel_management\venv\Lib\site-packages\django\template\base.py", line 174, in render
    return self._render(context)
           ~~~~~~~~~~~~^^^^^^^^^
  File "C:\Users\admin\OneDrive\Desktop\HOSTEL MANAGEMENT SYSTEM\hostel_management\venv\Lib\site-packages\django\template\base.py", line 166, in _render
    return self.nodelist.render(context)
           ~~~~~~~~~~~~~~~~~~~~^^^^^^^^^
  File "C:\Users\admin\OneDrive\Desktop\HOSTEL MANAGEMENT SYSTEM\hostel_management\venv\Lib\site-packages\django\template\base.py", line 1091, in render
    return SafeString("".join([node.render_annotated(context) for node in self]))
                               ~~~~~~~~~~~~~~~~~~~~~^^^^^^^^^
  File "C:\Users\admin\OneDrive\Desktop\HOSTEL MANAGEMENT SYSTEM\hostel_management\venv\Lib\site-packages\django\template\base.py", line 1052, in render_annotated
    return self.render(context)
           ~~~~~~~~~~~^^^^^^^^^
  File "C:\Users\admin\OneDrive\Desktop\HOSTEL MANAGEMENT SYSTEM\hostel_management\venv\Lib\site-packages\django\template\loader_tags.py", line 135, in render
    compiled_parent = self.get_parent(context)
  File "C:\Users\admin\OneDrive\Desktop\HOSTEL MANAGEMENT SYSTEM\hostel_management\venv\Lib\site-packages\django\template\loader_tags.py", line 132, in get_parent
    return self.find_template(parent, context)
           ~~~~~~~~~~~~~~~~~~^^^^^^^^^^^^^^^^^
  File "C:\Users\admin\OneDrive\Desktop\HOSTEL MANAGEMENT SYSTEM\hostel_management\venv\Lib\site-packages\django\template\loader_tags.py", line 110, in find_template
    template, origin = context.template.engine.find_template(
                       ~~~~~~~~~~~~~~~~~~~~~~~~~~~~~~~~~~~~~^
        template_name,
        ^^^^^^^^^^^^^^
        skip=history,
        ^^^^^^^^^^^^^
    )
    ^
  File "C:\Users\admin\OneDrive\Desktop\HOSTEL MANAGEMENT SYSTEM\hostel_management\venv\Lib\site-packages\django\template\engine.py", line 159, in find_template
    template = loader.get_template(name, skip=skip)
  File "C:\Users\admin\OneDrive\Desktop\HOSTEL MANAGEMENT SYSTEM\hostel_management\venv\Lib\site-packages\django\template\loaders\cached.py", line 57, in get_template
    template = super().get_template(template_name, skip)
  File "C:\Users\admin\OneDrive\Desktop\HOSTEL MANAGEMENT SYSTEM\hostel_management\venv\Lib\site-packages\django\template\loaders\base.py", line 28, in get_template
    return Template(
        contents,
    ...<2 lines>...
        self.engine,
    )
  File "C:\Users\admin\OneDrive\Desktop\HOSTEL MANAGEMENT SYSTEM\hostel_management\venv\Lib\site-packages\django\template\base.py", line 157, in __init__
    self.nodelist = self.compile_nodelist()
                    ~~~~~~~~~~~~~~~~~~~~~^^
  File "C:\Users\admin\OneDrive\Desktop\HOSTEL MANAGEMENT SYSTEM\hostel_management\venv\Lib\site-packages\django\template\base.py", line 199, in compile_nodelist
    nodelist = parser.parse()
  File "C:\Users\admin\OneDrive\Desktop\HOSTEL MANAGEMENT SYSTEM\hostel_management\venv\Lib\site-packages\django\template\base.py", line 585, in parse
    raise self.error(token, e)
  File "C:\Users\admin\OneDrive\Desktop\HOSTEL MANAGEMENT SYSTEM\hostel_management\venv\Lib\site-packages\django\template\base.py", line 583, in parse
    compiled_result = compile_func(self, token)
  File "C:\Users\admin\OneDrive\Desktop\HOSTEL MANAGEMENT SYSTEM\hostel_management\venv\Lib\site-packages\django\template\defaulttags.py", line 994, in do_if
    nodelist = parser.parse(("elif", "else", "endif"))
  File "C:\Users\admin\OneDrive\Desktop\HOSTEL MANAGEMENT SYSTEM\hostel_management\venv\Lib\site-packages\django\template\base.py", line 585, in parse
    raise self.error(token, e)
  File "C:\Users\admin\OneDrive\Desktop\HOSTEL MANAGEMENT SYSTEM\hostel_management\venv\Lib\site-packages\django\template\base.py", line 583, in parse
    compiled_result = compile_func(self, token)
  File "C:\Users\admin\OneDrive\Desktop\HOSTEL MANAGEMENT SYSTEM\hostel_management\venv\Lib\site-packages\django\template\defaulttags.py", line 993, in do_if
    condition = TemplateIfParser(parser, bits).parse()
                ~~~~~~~~~~~~~~~~^^^^^^^^^^^^^^
  File "C:\Users\admin\OneDrive\Desktop\HOSTEL MANAGEMENT SYSTEM\hostel_management\venv\Lib\site-packages\django\template\defaulttags.py", line 926, in __init__
    super().__init__(*args, **kwargs)
    ~~~~~~~~~~~~~~~~^^^^^^^^^^^^^^^^^
  File "C:\Users\admin\OneDrive\Desktop\HOSTEL MANAGEMENT SYSTEM\hostel_management\venv\Lib\site-packages\django\template\smartif.py", line 172, in __init__
    mapped_tokens.append(self.translate_token(token))
                         ~~~~~~~~~~~~~~~~~~~~^^^^^^^
  File "C:\Users\admin\OneDrive\Desktop\HOSTEL MANAGEMENT SYSTEM\hostel_management\venv\Lib\site-packages\django\template\smartif.py", line 183, in translate_token
    return self.create_var(token)
           ~~~~~~~~~~~~~~~^^^^^^^
  File "C:\Users\admin\OneDrive\Desktop\HOSTEL MANAGEMENT SYSTEM\hostel_management\venv\Lib\site-packages\django\template\defaulttags.py", line 929, in create_var
    return TemplateLiteral(self.template_parser.compile_filter(value), value)
                           ~~~~~~~~~~~~~~~~~~~~~~~~~~~~~~~~~~~^^^^^^^
  File "C:\Users\admin\OneDrive\Desktop\HOSTEL MANAGEMENT SYSTEM\hostel_management\venv\Lib\site-packages\django\template\base.py", line 676, in compile_filter
    return FilterExpression(token, self)
  File "C:\Users\admin\OneDrive\Desktop\HOSTEL MANAGEMENT SYSTEM\hostel_management\venv\Lib\site-packages\django\template\base.py", line 776, in __init__
    raise TemplateSyntaxError(
    ...<2 lines>...
    )
django.template.exceptions.TemplateSyntaxError: Template: C:\Users\admin\OneDrive\Desktop\Hostel Management System\hostel_management\templates\base.html, Could not parse the remainder: '(is_read=False).count' from 'user.notifications.filter(is_read=False).count'
ERROR 2026-05-15 10:58:28,516 log 41192 44928 "GET /login/?next=/ HTTP/1.1" 500 243008
ERROR 2026-05-15 10:58:29,312 log 41192 44928 Internal Server Error: /login/
Traceback (most recent call last):
  File "C:\Users\admin\OneDrive\Desktop\HOSTEL MANAGEMENT SYSTEM\hostel_management\venv\Lib\site-packages\django\template\smartif.py", line 181, in translate_token
    op = OPERATORS[token]
         ~~~~~~~~~^^^^^^^
KeyError: 'user.notifications.filter(is_read=False).count'

During handling of the above exception, another exception occurred:

Traceback (most recent call last):
  File "C:\Users\admin\OneDrive\Desktop\HOSTEL MANAGEMENT SYSTEM\hostel_management\venv\Lib\site-packages\django\core\handlers\exception.py", line 55, in inner
    response = get_response(request)
  File "C:\Users\admin\OneDrive\Desktop\HOSTEL MANAGEMENT SYSTEM\hostel_management\venv\Lib\site-packages\django\core\handlers\base.py", line 198, in _get_response
    response = wrapped_callback(request, *callback_args, **callback_kwargs)
  File "C:\Users\admin\OneDrive\Desktop\HOSTEL MANAGEMENT SYSTEM\hostel_management\accounts\views.py", line 59, in login_view
    return render(request, 'login.html')
  File "C:\Users\admin\OneDrive\Desktop\HOSTEL MANAGEMENT SYSTEM\hostel_management\venv\Lib\site-packages\django\shortcuts.py", line 25, in render
    content = loader.render_to_string(template_name, context, request, using=using)
  File "C:\Users\admin\OneDrive\Desktop\HOSTEL MANAGEMENT SYSTEM\hostel_management\venv\Lib\site-packages\django\template\loader.py", line 62, in render_to_string
    return template.render(context, request)
           ~~~~~~~~~~~~~~~^^^^^^^^^^^^^^^^^^
  File "C:\Users\admin\OneDrive\Desktop\HOSTEL MANAGEMENT SYSTEM\hostel_management\venv\Lib\site-packages\django\template\backends\django.py", line 107, in render
    return self.template.render(context)
           ~~~~~~~~~~~~~~~~~~~~^^^^^^^^^
  File "C:\Users\admin\OneDrive\Desktop\HOSTEL MANAGEMENT SYSTEM\hostel_management\venv\Lib\site-packages\django\template\base.py", line 174, in render
    return self._render(context)
           ~~~~~~~~~~~~^^^^^^^^^
  File "C:\Users\admin\OneDrive\Desktop\HOSTEL MANAGEMENT SYSTEM\hostel_management\venv\Lib\site-packages\django\template\base.py", line 166, in _render
    return self.nodelist.render(context)
           ~~~~~~~~~~~~~~~~~~~~^^^^^^^^^
  File "C:\Users\admin\OneDrive\Desktop\HOSTEL MANAGEMENT SYSTEM\hostel_management\venv\Lib\site-packages\django\template\base.py", line 1091, in render
    return SafeString("".join([node.render_annotated(context) for node in self]))
                               ~~~~~~~~~~~~~~~~~~~~~^^^^^^^^^
  File "C:\Users\admin\OneDrive\Desktop\HOSTEL MANAGEMENT SYSTEM\hostel_management\venv\Lib\site-packages\django\template\base.py", line 1052, in render_annotated
    return self.render(context)
           ~~~~~~~~~~~^^^^^^^^^
  File "C:\Users\admin\OneDrive\Desktop\HOSTEL MANAGEMENT SYSTEM\hostel_management\venv\Lib\site-packages\django\template\loader_tags.py", line 135, in render
    compiled_parent = self.get_parent(context)
  File "C:\Users\admin\OneDrive\Desktop\HOSTEL MANAGEMENT SYSTEM\hostel_management\venv\Lib\site-packages\django\template\loader_tags.py", line 132, in get_parent
    return self.find_template(parent, context)
           ~~~~~~~~~~~~~~~~~~^^^^^^^^^^^^^^^^^
  File "C:\Users\admin\OneDrive\Desktop\HOSTEL MANAGEMENT SYSTEM\hostel_management\venv\Lib\site-packages\django\template\loader_tags.py", line 110, in find_template
    template, origin = context.template.engine.find_template(
                       ~~~~~~~~~~~~~~~~~~~~~~~~~~~~~~~~~~~~~^
        template_name,
        ^^^^^^^^^^^^^^
        skip=history,
        ^^^^^^^^^^^^^
    )
    ^
  File "C:\Users\admin\OneDrive\Desktop\HOSTEL MANAGEMENT SYSTEM\hostel_management\venv\Lib\site-packages\django\template\engine.py", line 159, in find_template
    template = loader.get_template(name, skip=skip)
  File "C:\Users\admin\OneDrive\Desktop\HOSTEL MANAGEMENT SYSTEM\hostel_management\venv\Lib\site-packages\django\template\loaders\cached.py", line 57, in get_template
    template = super().get_template(template_name, skip)
  File "C:\Users\admin\OneDrive\Desktop\HOSTEL MANAGEMENT SYSTEM\hostel_management\venv\Lib\site-packages\django\template\loaders\base.py", line 28, in get_template
    return Template(
        contents,
    ...<2 lines>...
        self.engine,
    )
  File "C:\Users\admin\OneDrive\Desktop\HOSTEL MANAGEMENT SYSTEM\hostel_management\venv\Lib\site-packages\django\template\base.py", line 157, in __init__
    self.nodelist = self.compile_nodelist()
                    ~~~~~~~~~~~~~~~~~~~~~^^
  File "C:\Users\admin\OneDrive\Desktop\HOSTEL MANAGEMENT SYSTEM\hostel_management\venv\Lib\site-packages\django\template\base.py", line 199, in compile_nodelist
    nodelist = parser.parse()
  File "C:\Users\admin\OneDrive\Desktop\HOSTEL MANAGEMENT SYSTEM\hostel_management\venv\Lib\site-packages\django\template\base.py", line 585, in parse
    raise self.error(token, e)
  File "C:\Users\admin\OneDrive\Desktop\HOSTEL MANAGEMENT SYSTEM\hostel_management\venv\Lib\site-packages\django\template\base.py", line 583, in parse
    compiled_result = compile_func(self, token)
  File "C:\Users\admin\OneDrive\Desktop\HOSTEL MANAGEMENT SYSTEM\hostel_management\venv\Lib\site-packages\django\template\defaulttags.py", line 994, in do_if
    nodelist = parser.parse(("elif", "else", "endif"))
  File "C:\Users\admin\OneDrive\Desktop\HOSTEL MANAGEMENT SYSTEM\hostel_management\venv\Lib\site-packages\django\template\base.py", line 585, in parse
    raise self.error(token, e)
  File "C:\Users\admin\OneDrive\Desktop\HOSTEL MANAGEMENT SYSTEM\hostel_management\venv\Lib\site-packages\django\template\base.py", line 583, in parse
    compiled_result = compile_func(self, token)
  File "C:\Users\admin\OneDrive\Desktop\HOSTEL MANAGEMENT SYSTEM\hostel_management\venv\Lib\site-packages\django\template\defaulttags.py", line 993, in do_if
    condition = TemplateIfParser(parser, bits).parse()
                ~~~~~~~~~~~~~~~~^^^^^^^^^^^^^^
  File "C:\Users\admin\OneDrive\Desktop\HOSTEL MANAGEMENT SYSTEM\hostel_management\venv\Lib\site-packages\django\template\defaulttags.py", line 926, in __init__
    super().__init__(*args, **kwargs)
    ~~~~~~~~~~~~~~~~^^^^^^^^^^^^^^^^^
  File "C:\Users\admin\OneDrive\Desktop\HOSTEL MANAGEMENT SYSTEM\hostel_management\venv\Lib\site-packages\django\template\smartif.py", line 172, in __init__
    mapped_tokens.append(self.translate_token(token))
                         ~~~~~~~~~~~~~~~~~~~~^^^^^^^
  File "C:\Users\admin\OneDrive\Desktop\HOSTEL MANAGEMENT SYSTEM\hostel_management\venv\Lib\site-packages\django\template\smartif.py", line 183, in translate_token
    return self.create_var(token)
           ~~~~~~~~~~~~~~~^^^^^^^
  File "C:\Users\admin\OneDrive\Desktop\HOSTEL MANAGEMENT SYSTEM\hostel_management\venv\Lib\site-packages\django\template\defaulttags.py", line 929, in create_var
    return TemplateLiteral(self.template_parser.compile_filter(value), value)
                           ~~~~~~~~~~~~~~~~~~~~~~~~~~~~~~~~~~~^^^^^^^
  File "C:\Users\admin\OneDrive\Desktop\HOSTEL MANAGEMENT SYSTEM\hostel_management\venv\Lib\site-packages\django\template\base.py", line 676, in compile_filter
    return FilterExpression(token, self)
  File "C:\Users\admin\OneDrive\Desktop\HOSTEL MANAGEMENT SYSTEM\hostel_management\venv\Lib\site-packages\django\template\base.py", line 776, in __init__
    raise TemplateSyntaxError(
    ...<2 lines>...
    )
django.template.exceptions.TemplateSyntaxError: Template: C:\Users\admin\OneDrive\Desktop\Hostel Management System\hostel_management\templates\base.html, Could not parse the remainder: '(is_read=False).count' from 'user.notifications.filter(is_read=False).count'
ERROR 2026-05-15 10:58:29,318 log 41192 44928 "GET /login/?next=/ HTTP/1.1" 500 243008
ERROR 2026-05-15 10:58:29,992 log 41192 44928 Internal Server Error: /login/
Traceback (most recent call last):
  File "C:\Users\admin\OneDrive\Desktop\HOSTEL MANAGEMENT SYSTEM\hostel_management\venv\Lib\site-packages\django\template\smartif.py", line 181, in translate_token
    op = OPERATORS[token]
         ~~~~~~~~~^^^^^^^
KeyError: 'user.notifications.filter(is_read=False).count'

During handling of the above exception, another exception occurred:

Traceback (most recent call last):
  File "C:\Users\admin\OneDrive\Desktop\HOSTEL MANAGEMENT SYSTEM\hostel_management\venv\Lib\site-packages\django\core\handlers\exception.py", line 55, in inner
    response = get_response(request)
  File "C:\Users\admin\OneDrive\Desktop\HOSTEL MANAGEMENT SYSTEM\hostel_management\venv\Lib\site-packages\django\core\handlers\base.py", line 198, in _get_response
    response = wrapped_callback(request, *callback_args, **callback_kwargs)
  File "C:\Users\admin\OneDrive\Desktop\HOSTEL MANAGEMENT SYSTEM\hostel_management\accounts\views.py", line 59, in login_view
    return render(request, 'login.html')
  File "C:\Users\admin\OneDrive\Desktop\HOSTEL MANAGEMENT SYSTEM\hostel_management\venv\Lib\site-packages\django\shortcuts.py", line 25, in render
    content = loader.render_to_string(template_name, context, request, using=using)
  File "C:\Users\admin\OneDrive\Desktop\HOSTEL MANAGEMENT SYSTEM\hostel_management\venv\Lib\site-packages\django\template\loader.py", line 62, in render_to_string
    return template.render(context, request)
           ~~~~~~~~~~~~~~~^^^^^^^^^^^^^^^^^^
  File "C:\Users\admin\OneDrive\Desktop\HOSTEL MANAGEMENT SYSTEM\hostel_management\venv\Lib\site-packages\django\template\backends\django.py", line 107, in render
    return self.template.render(context)
           ~~~~~~~~~~~~~~~~~~~~^^^^^^^^^
  File "C:\Users\admin\OneDrive\Desktop\HOSTEL MANAGEMENT SYSTEM\hostel_management\venv\Lib\site-packages\django\template\base.py", line 174, in render
    return self._render(context)
           ~~~~~~~~~~~~^^^^^^^^^
  File "C:\Users\admin\OneDrive\Desktop\HOSTEL MANAGEMENT SYSTEM\hostel_management\venv\Lib\site-packages\django\template\base.py", line 166, in _render
    return self.nodelist.render(context)
           ~~~~~~~~~~~~~~~~~~~~^^^^^^^^^
  File "C:\Users\admin\OneDrive\Desktop\HOSTEL MANAGEMENT SYSTEM\hostel_management\venv\Lib\site-packages\django\template\base.py", line 1091, in render
    return SafeString("".join([node.render_annotated(context) for node in self]))
                               ~~~~~~~~~~~~~~~~~~~~~^^^^^^^^^
  File "C:\Users\admin\OneDrive\Desktop\HOSTEL MANAGEMENT SYSTEM\hostel_management\venv\Lib\site-packages\django\template\base.py", line 1052, in render_annotated
    return self.render(context)
           ~~~~~~~~~~~^^^^^^^^^
  File "C:\Users\admin\OneDrive\Desktop\HOSTEL MANAGEMENT SYSTEM\hostel_management\venv\Lib\site-packages\django\template\loader_tags.py", line 135, in render
    compiled_parent = self.get_parent(context)
  File "C:\Users\admin\OneDrive\Desktop\HOSTEL MANAGEMENT SYSTEM\hostel_management\venv\Lib\site-packages\django\template\loader_tags.py", line 132, in get_parent
    return self.find_template(parent, context)
           ~~~~~~~~~~~~~~~~~~^^^^^^^^^^^^^^^^^
  File "C:\Users\admin\OneDrive\Desktop\HOSTEL MANAGEMENT SYSTEM\hostel_management\venv\Lib\site-packages\django\template\loader_tags.py", line 110, in find_template
    template, origin = context.template.engine.find_template(
                       ~~~~~~~~~~~~~~~~~~~~~~~~~~~~~~~~~~~~~^
        template_name,
        ^^^^^^^^^^^^^^
        skip=history,
        ^^^^^^^^^^^^^
    )
    ^
  File "C:\Users\admin\OneDrive\Desktop\HOSTEL MANAGEMENT SYSTEM\hostel_management\venv\Lib\site-packages\django\template\engine.py", line 159, in find_template
    template = loader.get_template(name, skip=skip)
  File "C:\Users\admin\OneDrive\Desktop\HOSTEL MANAGEMENT SYSTEM\hostel_management\venv\Lib\site-packages\django\template\loaders\cached.py", line 57, in get_template
    template = super().get_template(template_name, skip)
  File "C:\Users\admin\OneDrive\Desktop\HOSTEL MANAGEMENT SYSTEM\hostel_management\venv\Lib\site-packages\django\template\loaders\base.py", line 28, in get_template
    return Template(
        contents,
    ...<2 lines>...
        self.engine,
    )
  File "C:\Users\admin\OneDrive\Desktop\HOSTEL MANAGEMENT SYSTEM\hostel_management\venv\Lib\site-packages\django\template\base.py", line 157, in __init__
    self.nodelist = self.compile_nodelist()
                    ~~~~~~~~~~~~~~~~~~~~~^^
  File "C:\Users\admin\OneDrive\Desktop\HOSTEL MANAGEMENT SYSTEM\hostel_management\venv\Lib\site-packages\django\template\base.py", line 199, in compile_nodelist
    nodelist = parser.parse()
  File "C:\Users\admin\OneDrive\Desktop\HOSTEL MANAGEMENT SYSTEM\hostel_management\venv\Lib\site-packages\django\template\base.py", line 585, in parse
    raise self.error(token, e)
  File "C:\Users\admin\OneDrive\Desktop\HOSTEL MANAGEMENT SYSTEM\hostel_management\venv\Lib\site-packages\django\template\base.py", line 583, in parse
    compiled_result = compile_func(self, token)
  File "C:\Users\admin\OneDrive\Desktop\HOSTEL MANAGEMENT SYSTEM\hostel_management\venv\Lib\site-packages\django\template\defaulttags.py", line 994, in do_if
    nodelist = parser.parse(("elif", "else", "endif"))
  File "C:\Users\admin\OneDrive\Desktop\HOSTEL MANAGEMENT SYSTEM\hostel_management\venv\Lib\site-packages\django\template\base.py", line 585, in parse
    raise self.error(token, e)
  File "C:\Users\admin\OneDrive\Desktop\HOSTEL MANAGEMENT SYSTEM\hostel_management\venv\Lib\site-packages\django\template\base.py", line 583, in parse
    compiled_result = compile_func(self, token)
  File "C:\Users\admin\OneDrive\Desktop\HOSTEL MANAGEMENT SYSTEM\hostel_management\venv\Lib\site-packages\django\template\defaulttags.py", line 993, in do_if
    condition = TemplateIfParser(parser, bits).parse()
                ~~~~~~~~~~~~~~~~^^^^^^^^^^^^^^
  File "C:\Users\admin\OneDrive\Desktop\HOSTEL MANAGEMENT SYSTEM\hostel_management\venv\Lib\site-packages\django\template\defaulttags.py", line 926, in __init__
    super().__init__(*args, **kwargs)
    ~~~~~~~~~~~~~~~~^^^^^^^^^^^^^^^^^
  File "C:\Users\admin\OneDrive\Desktop\HOSTEL MANAGEMENT SYSTEM\hostel_management\venv\Lib\site-packages\django\template\smartif.py", line 172, in __init__
    mapped_tokens.append(self.translate_token(token))
                         ~~~~~~~~~~~~~~~~~~~~^^^^^^^
  File "C:\Users\admin\OneDrive\Desktop\HOSTEL MANAGEMENT SYSTEM\hostel_management\venv\Lib\site-packages\django\template\smartif.py", line 183, in translate_token
    return self.create_var(token)
           ~~~~~~~~~~~~~~~^^^^^^^
  File "C:\Users\admin\OneDrive\Desktop\HOSTEL MANAGEMENT SYSTEM\hostel_management\venv\Lib\site-packages\django\template\defaulttags.py", line 929, in create_var
    return TemplateLiteral(self.template_parser.compile_filter(value), value)
                           ~~~~~~~~~~~~~~~~~~~~~~~~~~~~~~~~~~~^^^^^^^
  File "C:\Users\admin\OneDrive\Desktop\HOSTEL MANAGEMENT SYSTEM\hostel_management\venv\Lib\site-packages\django\template\base.py", line 676, in compile_filter
    return FilterExpression(token, self)
  File "C:\Users\admin\OneDrive\Desktop\HOSTEL MANAGEMENT SYSTEM\hostel_management\venv\Lib\site-packages\django\template\base.py", line 776, in __init__
    raise TemplateSyntaxError(
    ...<2 lines>...
    )
django.template.exceptions.TemplateSyntaxError: Template: C:\Users\admin\OneDrive\Desktop\Hostel Management System\hostel_management\templates\base.html, Could not parse the remainder: '(is_read=False).count' from 'user.notifications.filter(is_read=False).count'
ERROR 2026-05-15 10:58:30,000 log 41192 44928 "GET /login/?next=/ HTTP/1.1" 500 243008
ERROR 2026-05-15 10:58:30,768 log 41192 44928 Internal Server Error: /login/
Traceback (most recent call last):
  File "C:\Users\admin\OneDrive\Desktop\HOSTEL MANAGEMENT SYSTEM\hostel_management\venv\Lib\site-packages\django\template\smartif.py", line 181, in translate_token
    op = OPERATORS[token]
         ~~~~~~~~~^^^^^^^
KeyError: 'user.notifications.filter(is_read=False).count'

During handling of the above exception, another exception occurred:

Traceback (most recent call last):
  File "C:\Users\admin\OneDrive\Desktop\HOSTEL MANAGEMENT SYSTEM\hostel_management\venv\Lib\site-packages\django\core\handlers\exception.py", line 55, in inner
    response = get_response(request)
  File "C:\Users\admin\OneDrive\Desktop\HOSTEL MANAGEMENT SYSTEM\hostel_management\venv\Lib\site-packages\django\core\handlers\base.py", line 198, in _get_response
    response = wrapped_callback(request, *callback_args, **callback_kwargs)
  File "C:\Users\admin\OneDrive\Desktop\HOSTEL MANAGEMENT SYSTEM\hostel_management\accounts\views.py", line 59, in login_view
    return render(request, 'login.html')
  File "C:\Users\admin\OneDrive\Desktop\HOSTEL MANAGEMENT SYSTEM\hostel_management\venv\Lib\site-packages\django\shortcuts.py", line 25, in render
    content = loader.render_to_string(template_name, context, request, using=using)
  File "C:\Users\admin\OneDrive\Desktop\HOSTEL MANAGEMENT SYSTEM\hostel_management\venv\Lib\site-packages\django\template\loader.py", line 62, in render_to_string
    return template.render(context, request)
           ~~~~~~~~~~~~~~~^^^^^^^^^^^^^^^^^^
  File "C:\Users\admin\OneDrive\Desktop\HOSTEL MANAGEMENT SYSTEM\hostel_management\venv\Lib\site-packages\django\template\backends\django.py", line 107, in render
    return self.template.render(context)
           ~~~~~~~~~~~~~~~~~~~~^^^^^^^^^
  File "C:\Users\admin\OneDrive\Desktop\HOSTEL MANAGEMENT SYSTEM\hostel_management\venv\Lib\site-packages\django\template\base.py", line 174, in render
    return self._render(context)
           ~~~~~~~~~~~~^^^^^^^^^
  File "C:\Users\admin\OneDrive\Desktop\HOSTEL MANAGEMENT SYSTEM\hostel_management\venv\Lib\site-packages\django\template\base.py", line 166, in _render
    return self.nodelist.render(context)
           ~~~~~~~~~~~~~~~~~~~~^^^^^^^^^
  File "C:\Users\admin\OneDrive\Desktop\HOSTEL MANAGEMENT SYSTEM\hostel_management\venv\Lib\site-packages\django\template\base.py", line 1091, in render
    return SafeString("".join([node.render_annotated(context) for node in self]))
                               ~~~~~~~~~~~~~~~~~~~~~^^^^^^^^^
  File "C:\Users\admin\OneDrive\Desktop\HOSTEL MANAGEMENT SYSTEM\hostel_management\venv\Lib\site-packages\django\template\base.py", line 1052, in render_annotated
    return self.render(context)
           ~~~~~~~~~~~^^^^^^^^^
  File "C:\Users\admin\OneDrive\Desktop\HOSTEL MANAGEMENT SYSTEM\hostel_management\venv\Lib\site-packages\django\template\loader_tags.py", line 135, in render
    compiled_parent = self.get_parent(context)
  File "C:\Users\admin\OneDrive\Desktop\HOSTEL MANAGEMENT SYSTEM\hostel_management\venv\Lib\site-packages\django\template\loader_tags.py", line 132, in get_parent
    return self.find_template(parent, context)
           ~~~~~~~~~~~~~~~~~~^^^^^^^^^^^^^^^^^
  File "C:\Users\admin\OneDrive\Desktop\HOSTEL MANAGEMENT SYSTEM\hostel_management\venv\Lib\site-packages\django\template\loader_tags.py", line 110, in find_template
    template, origin = context.template.engine.find_template(
                       ~~~~~~~~~~~~~~~~~~~~~~~~~~~~~~~~~~~~~^
        template_name,
        ^^^^^^^^^^^^^^
        skip=history,
        ^^^^^^^^^^^^^
    )
    ^
  File "C:\Users\admin\OneDrive\Desktop\HOSTEL MANAGEMENT SYSTEM\hostel_management\venv\Lib\site-packages\django\template\engine.py", line 159, in find_template
    template = loader.get_template(name, skip=skip)
  File "C:\Users\admin\OneDrive\Desktop\HOSTEL MANAGEMENT SYSTEM\hostel_management\venv\Lib\site-packages\django\template\loaders\cached.py", line 57, in get_template
    template = super().get_template(template_name, skip)
  File "C:\Users\admin\OneDrive\Desktop\HOSTEL MANAGEMENT SYSTEM\hostel_management\venv\Lib\site-packages\django\template\loaders\base.py", line 28, in get_template
    return Template(
        contents,
    ...<2 lines>...
        self.engine,
    )
  File "C:\Users\admin\OneDrive\Desktop\HOSTEL MANAGEMENT SYSTEM\hostel_management\venv\Lib\site-packages\django\template\base.py", line 157, in __init__
    self.nodelist = self.compile_nodelist()
                    ~~~~~~~~~~~~~~~~~~~~~^^
  File "C:\Users\admin\OneDrive\Desktop\HOSTEL MANAGEMENT SYSTEM\hostel_management\venv\Lib\site-packages\django\template\base.py", line 199, in compile_nodelist
    nodelist = parser.parse()
  File "C:\Users\admin\OneDrive\Desktop\HOSTEL MANAGEMENT SYSTEM\hostel_management\venv\Lib\site-packages\django\template\base.py", line 585, in parse
    raise self.error(token, e)
  File "C:\Users\admin\OneDrive\Desktop\HOSTEL MANAGEMENT SYSTEM\hostel_management\venv\Lib\site-packages\django\template\base.py", line 583, in parse
    compiled_result = compile_func(self, token)
  File "C:\Users\admin\OneDrive\Desktop\HOSTEL MANAGEMENT SYSTEM\hostel_management\venv\Lib\site-packages\django\template\defaulttags.py", line 994, in do_if
    nodelist = parser.parse(("elif", "else", "endif"))
  File "C:\Users\admin\OneDrive\Desktop\HOSTEL MANAGEMENT SYSTEM\hostel_management\venv\Lib\site-packages\django\template\base.py", line 585, in parse
    raise self.error(token, e)
  File "C:\Users\admin\OneDrive\Desktop\HOSTEL MANAGEMENT SYSTEM\hostel_management\venv\Lib\site-packages\django\template\base.py", line 583, in parse
    compiled_result = compile_func(self, token)
  File "C:\Users\admin\OneDrive\Desktop\HOSTEL MANAGEMENT SYSTEM\hostel_management\venv\Lib\site-packages\django\template\defaulttags.py", line 993, in do_if
    condition = TemplateIfParser(parser, bits).parse()
                ~~~~~~~~~~~~~~~~^^^^^^^^^^^^^^
  File "C:\Users\admin\OneDrive\Desktop\HOSTEL MANAGEMENT SYSTEM\hostel_management\venv\Lib\site-packages\django\template\defaulttags.py", line 926, in __init__
    super().__init__(*args, **kwargs)
    ~~~~~~~~~~~~~~~~^^^^^^^^^^^^^^^^^
  File "C:\Users\admin\OneDrive\Desktop\HOSTEL MANAGEMENT SYSTEM\hostel_management\venv\Lib\site-packages\django\template\smartif.py", line 172, in __init__
    mapped_tokens.append(self.translate_token(token))
                         ~~~~~~~~~~~~~~~~~~~~^^^^^^^
  File "C:\Users\admin\OneDrive\Desktop\HOSTEL MANAGEMENT SYSTEM\hostel_management\venv\Lib\site-packages\django\template\smartif.py", line 183, in translate_token
    return self.create_var(token)
           ~~~~~~~~~~~~~~~^^^^^^^
  File "C:\Users\admin\OneDrive\Desktop\HOSTEL MANAGEMENT SYSTEM\hostel_management\venv\Lib\site-packages\django\template\defaulttags.py", line 929, in create_var
    return TemplateLiteral(self.template_parser.compile_filter(value), value)
                           ~~~~~~~~~~~~~~~~~~~~~~~~~~~~~~~~~~~^^^^^^^
  File "C:\Users\admin\OneDrive\Desktop\HOSTEL MANAGEMENT SYSTEM\hostel_management\venv\Lib\site-packages\django\template\base.py", line 676, in compile_filter
    return FilterExpression(token, self)
  File "C:\Users\admin\OneDrive\Desktop\HOSTEL MANAGEMENT SYSTEM\hostel_management\venv\Lib\site-packages\django\template\base.py", line 776, in __init__
    raise TemplateSyntaxError(
    ...<2 lines>...
    )
django.template.exceptions.TemplateSyntaxError: Template: C:\Users\admin\OneDrive\Desktop\Hostel Management System\hostel_management\templates\base.html, Could not parse the remainder: '(is_read=False).count' from 'user.notifications.filter(is_read=False).count'
ERROR 2026-05-15 10:58:30,780 log 41192 44928 "GET /login/?next=/ HTTP/1.1" 500 243008
ERROR 2026-05-15 10:58:31,950 log 41192 44928 Internal Server Error: /login/
Traceback (most recent call last):
  File "C:\Users\admin\OneDrive\Desktop\HOSTEL MANAGEMENT SYSTEM\hostel_management\venv\Lib\site-packages\django\template\smartif.py", line 181, in translate_token
    op = OPERATORS[token]
         ~~~~~~~~~^^^^^^^
KeyError: 'user.notifications.filter(is_read=False).count'

During handling of the above exception, another exception occurred:

Traceback (most recent call last):
  File "C:\Users\admin\OneDrive\Desktop\HOSTEL MANAGEMENT SYSTEM\hostel_management\venv\Lib\site-packages\django\core\handlers\exception.py", line 55, in inner
    response = get_response(request)
  File "C:\Users\admin\OneDrive\Desktop\HOSTEL MANAGEMENT SYSTEM\hostel_management\venv\Lib\site-packages\django\core\handlers\base.py", line 198, in _get_response
    response = wrapped_callback(request, *callback_args, **callback_kwargs)
  File "C:\Users\admin\OneDrive\Desktop\HOSTEL MANAGEMENT SYSTEM\hostel_management\accounts\views.py", line 59, in login_view
    return render(request, 'login.html')
  File "C:\Users\admin\OneDrive\Desktop\HOSTEL MANAGEMENT SYSTEM\hostel_management\venv\Lib\site-packages\django\shortcuts.py", line 25, in render
    content = loader.render_to_string(template_name, context, request, using=using)
  File "C:\Users\admin\OneDrive\Desktop\HOSTEL MANAGEMENT SYSTEM\hostel_management\venv\Lib\site-packages\django\template\loader.py", line 62, in render_to_string
    return template.render(context, request)
           ~~~~~~~~~~~~~~~^^^^^^^^^^^^^^^^^^
  File "C:\Users\admin\OneDrive\Desktop\HOSTEL MANAGEMENT SYSTEM\hostel_management\venv\Lib\site-packages\django\template\backends\django.py", line 107, in render
    return self.template.render(context)
           ~~~~~~~~~~~~~~~~~~~~^^^^^^^^^
  File "C:\Users\admin\OneDrive\Desktop\HOSTEL MANAGEMENT SYSTEM\hostel_management\venv\Lib\site-packages\django\template\base.py", line 174, in render
    return self._render(context)
           ~~~~~~~~~~~~^^^^^^^^^
  File "C:\Users\admin\OneDrive\Desktop\HOSTEL MANAGEMENT SYSTEM\hostel_management\venv\Lib\site-packages\django\template\base.py", line 166, in _render
    return self.nodelist.render(context)
           ~~~~~~~~~~~~~~~~~~~~^^^^^^^^^
  File "C:\Users\admin\OneDrive\Desktop\HOSTEL MANAGEMENT SYSTEM\hostel_management\venv\Lib\site-packages\django\template\base.py", line 1091, in render
    return SafeString("".join([node.render_annotated(context) for node in self]))
                               ~~~~~~~~~~~~~~~~~~~~~^^^^^^^^^
  File "C:\Users\admin\OneDrive\Desktop\HOSTEL MANAGEMENT SYSTEM\hostel_management\venv\Lib\site-packages\django\template\base.py", line 1052, in render_annotated
    return self.render(context)
           ~~~~~~~~~~~^^^^^^^^^
  File "C:\Users\admin\OneDrive\Desktop\HOSTEL MANAGEMENT SYSTEM\hostel_management\venv\Lib\site-packages\django\template\loader_tags.py", line 135, in render
    compiled_parent = self.get_parent(context)
  File "C:\Users\admin\OneDrive\Desktop\HOSTEL MANAGEMENT SYSTEM\hostel_management\venv\Lib\site-packages\django\template\loader_tags.py", line 132, in get_parent
    return self.find_template(parent, context)
           ~~~~~~~~~~~~~~~~~~^^^^^^^^^^^^^^^^^
  File "C:\Users\admin\OneDrive\Desktop\HOSTEL MANAGEMENT SYSTEM\hostel_management\venv\Lib\site-packages\django\template\loader_tags.py", line 110, in find_template
    template, origin = context.template.engine.find_template(
                       ~~~~~~~~~~~~~~~~~~~~~~~~~~~~~~~~~~~~~^
        template_name,
        ^^^^^^^^^^^^^^
        skip=history,
        ^^^^^^^^^^^^^
    )
    ^
  File "C:\Users\admin\OneDrive\Desktop\HOSTEL MANAGEMENT SYSTEM\hostel_management\venv\Lib\site-packages\django\template\engine.py", line 159, in find_template
    template = loader.get_template(name, skip=skip)
  File "C:\Users\admin\OneDrive\Desktop\HOSTEL MANAGEMENT SYSTEM\hostel_management\venv\Lib\site-packages\django\template\loaders\cached.py", line 57, in get_template
    template = super().get_template(template_name, skip)
  File "C:\Users\admin\OneDrive\Desktop\HOSTEL MANAGEMENT SYSTEM\hostel_management\venv\Lib\site-packages\django\template\loaders\base.py", line 28, in get_template
    return Template(
        contents,
    ...<2 lines>...
        self.engine,
    )
  File "C:\Users\admin\OneDrive\Desktop\HOSTEL MANAGEMENT SYSTEM\hostel_management\venv\Lib\site-packages\django\template\base.py", line 157, in __init__
    self.nodelist = self.compile_nodelist()
                    ~~~~~~~~~~~~~~~~~~~~~^^
  File "C:\Users\admin\OneDrive\Desktop\HOSTEL MANAGEMENT SYSTEM\hostel_management\venv\Lib\site-packages\django\template\base.py", line 199, in compile_nodelist
    nodelist = parser.parse()
  File "C:\Users\admin\OneDrive\Desktop\HOSTEL MANAGEMENT SYSTEM\hostel_management\venv\Lib\site-packages\django\template\base.py", line 585, in parse
    raise self.error(token, e)
  File "C:\Users\admin\OneDrive\Desktop\HOSTEL MANAGEMENT SYSTEM\hostel_management\venv\Lib\site-packages\django\template\base.py", line 583, in parse
    compiled_result = compile_func(self, token)
  File "C:\Users\admin\OneDrive\Desktop\HOSTEL MANAGEMENT SYSTEM\hostel_management\venv\Lib\site-packages\django\template\defaulttags.py", line 994, in do_if
    nodelist = parser.parse(("elif", "else", "endif"))
  File "C:\Users\admin\OneDrive\Desktop\HOSTEL MANAGEMENT SYSTEM\hostel_management\venv\Lib\site-packages\django\template\base.py", line 585, in parse
    raise self.error(token, e)
  File "C:\Users\admin\OneDrive\Desktop\HOSTEL MANAGEMENT SYSTEM\hostel_management\venv\Lib\site-packages\django\template\base.py", line 583, in parse
    compiled_result = compile_func(self, token)
  File "C:\Users\admin\OneDrive\Desktop\HOSTEL MANAGEMENT SYSTEM\hostel_management\venv\Lib\site-packages\django\template\defaulttags.py", line 993, in do_if
    condition = TemplateIfParser(parser, bits).parse()
                ~~~~~~~~~~~~~~~~^^^^^^^^^^^^^^
  File "C:\Users\admin\OneDrive\Desktop\HOSTEL MANAGEMENT SYSTEM\hostel_management\venv\Lib\site-packages\django\template\defaulttags.py", line 926, in __init__
    super().__init__(*args, **kwargs)
    ~~~~~~~~~~~~~~~~^^^^^^^^^^^^^^^^^
  File "C:\Users\admin\OneDrive\Desktop\HOSTEL MANAGEMENT SYSTEM\hostel_management\venv\Lib\site-packages\django\template\smartif.py", line 172, in __init__
    mapped_tokens.append(self.translate_token(token))
                         ~~~~~~~~~~~~~~~~~~~~^^^^^^^
  File "C:\Users\admin\OneDrive\Desktop\HOSTEL MANAGEMENT SYSTEM\hostel_management\venv\Lib\site-packages\django\template\smartif.py", line 183, in translate_token
    return self.create_var(token)
           ~~~~~~~~~~~~~~~^^^^^^^
  File "C:\Users\admin\OneDrive\Desktop\HOSTEL MANAGEMENT SYSTEM\hostel_management\venv\Lib\site-packages\django\template\defaulttags.py", line 929, in create_var
    return TemplateLiteral(self.template_parser.compile_filter(value), value)
                           ~~~~~~~~~~~~~~~~~~~~~~~~~~~~~~~~~~~^^^^^^^
  File "C:\Users\admin\OneDrive\Desktop\HOSTEL MANAGEMENT SYSTEM\hostel_management\venv\Lib\site-packages\django\template\base.py", line 676, in compile_filter
    return FilterExpression(token, self)
  File "C:\Users\admin\OneDrive\Desktop\HOSTEL MANAGEMENT SYSTEM\hostel_management\venv\Lib\site-packages\django\template\base.py", line 776, in __init__
    raise TemplateSyntaxError(
    ...<2 lines>...
    )
django.template.exceptions.TemplateSyntaxError: Template: C:\Users\admin\OneDrive\Desktop\Hostel Management System\hostel_management\templates\base.html, Could not parse the remainder: '(is_read=False).count' from 'user.notifications.filter(is_read=False).count'
ERROR 2026-05-15 10:58:31,967 log 41192 44928 "GET /login/?next=/ HTTP/1.1" 500 243008
INFO 2026-05-15 10:58:59,473 autoreload 29112 43360 C:\Users\admin\OneDrive\Desktop\Hostel Management System\hostel_management\accounts\models.py changed, reloading.
INFO 2026-05-15 10:58:59,511 autoreload 41192 42252 C:\Users\admin\OneDrive\Desktop\Hostel Management System\hostel_management\accounts\models.py changed, reloading.
INFO 2026-05-15 10:59:01,030 autoreload 32364 37452 Watching for file changes with StatReloader
INFO 2026-05-15 10:59:01,032 autoreload 34688 45164 Watching for file changes with StatReloader
INFO 2026-05-15 10:59:04,066 autoreload 32364 37452 C:\Users\admin\OneDrive\Desktop\Hostel Management System\hostel_management\accounts\models.py changed, reloading.
INFO 2026-05-15 10:59:04,083 autoreload 34688 45164 C:\Users\admin\OneDrive\Desktop\Hostel Management System\hostel_management\accounts\models.py changed, reloading.
INFO 2026-05-15 10:59:05,663 autoreload 41940 37876 Watching for file changes with StatReloader
INFO 2026-05-15 10:59:05,676 autoreload 48156 35220 Watching for file changes with StatReloader
INFO 2026-05-15 10:59:18,050 basehttp 43056 24788 "GET /login/?next=/ HTTP/1.1" 200 13825
INFO 2026-05-15 10:59:26,269 basehttp 43056 24788 "GET /password_reset/ HTTP/1.1" 200 12013
INFO 2026-05-15 10:59:29,027 basehttp 43056 24788 "GET /login/ HTTP/1.1" 200 13104
INFO 2026-05-15 10:59:45,162 basehttp 43056 24788 "POST /login/ HTTP/1.1" 302 0
INFO 2026-05-15 10:59:45,175 basehttp 43056 24788 "GET / HTTP/1.1" 302 0
INFO 2026-05-15 10:59:45,209 basehttp 43056 24788 "GET /student/ HTTP/1.1" 200 13697
INFO 2026-05-15 10:59:57,900 basehttp 43056 24788 "GET /profile/ HTTP/1.1" 200 16360
INFO 2026-05-15 11:00:01,561 basehttp 43056 24788 "GET /profile/edit/ HTTP/1.1" 200 17829
INFO 2026-05-15 11:00:33,206 basehttp 43056 24788 "POST /profile/edit/ HTTP/1.1" 302 0
INFO 2026-05-15 11:00:33,225 basehttp 43056 24788 "GET /profile/ HTTP/1.1" 200 17044
INFO 2026-05-15 11:00:42,029 basehttp 43056 24788 "GET /profile/edit/ HTTP/1.1" 200 17871
INFO 2026-05-15 11:00:48,573 basehttp 43056 24788 "POST /profile/edit/ HTTP/1.1" 302 0
INFO 2026-05-15 11:00:48,591 basehttp 43056 24788 "GET /profile/ HTTP/1.1" 200 17044
INFO 2026-05-15 11:00:55,203 basehttp 43056 24788 "GET /student/ HTTP/1.1" 200 13319
INFO 2026-05-15 11:01:10,207 basehttp 43056 24788 "GET /add-complaint/ HTTP/1.1" 200 15357
INFO 2026-05-15 11:01:15,477 basehttp 43056 18160 "GET /complaints/ HTTP/1.1" 200 17566
INFO 2026-05-15 11:01:26,259 basehttp 43056 18160 "GET /complaint/3/ HTTP/1.1" 200 13893
INFO 2026-05-15 11:01:31,386 basehttp 43056 18160 "GET /complaints/ HTTP/1.1" 200 17566
INFO 2026-05-15 11:02:58,134 basehttp 43056 18160 "GET /complaints/?status=pending&category= HTTP/1.1" 200 17574
INFO 2026-05-15 11:03:08,732 basehttp 43056 18160 "GET /complaints/?status=pending&category=food HTTP/1.1" 200 14864
INFO 2026-05-15 11:03:18,352 basehttp 43056 18160 "GET /student/ HTTP/1.1" 200 13319
INFO 2026-05-15 11:07:12,890 autoreload 41940 37876 C:\Users\admin\OneDrive\Desktop\Hostel Management System\hostel_management\accounts\urls.py changed, reloading.
INFO 2026-05-15 11:07:12,904 autoreload 48156 35220 C:\Users\admin\OneDrive\Desktop\Hostel Management System\hostel_management\accounts\urls.py changed, reloading.
INFO 2026-05-15 11:07:14,434 autoreload 47776 2144 Watching for file changes with StatReloader
INFO 2026-05-15 11:07:14,437 autoreload 48796 46608 Watching for file changes with StatReloader
INFO 2026-05-15 11:08:00,133 autoreload 48796 46608 C:\Users\admin\OneDrive\Desktop\Hostel Management System\hostel_management\accounts\urls.py changed, reloading.
INFO 2026-05-15 11:08:00,149 autoreload 47776 2144 C:\Users\admin\OneDrive\Desktop\Hostel Management System\hostel_management\accounts\urls.py changed, reloading.
INFO 2026-05-15 11:08:01,576 autoreload 46988 46580 Watching for file changes with StatReloader
INFO 2026-05-15 11:08:01,577 autoreload 21884 47612 Watching for file changes with StatReloader
INFO 2026-05-15 11:08:04,083 autoreload 21884 47612 C:\Users\admin\OneDrive\Desktop\Hostel Management System\hostel_management\accounts\views.py changed, reloading.
INFO 2026-05-15 11:08:04,215 autoreload 46988 46580 C:\Users\admin\OneDrive\Desktop\Hostel Management System\hostel_management\accounts\views.py changed, reloading.
INFO 2026-05-15 11:08:05,906 autoreload 22764 48720 Watching for file changes with StatReloader
INFO 2026-05-15 11:08:05,958 autoreload 13860 42240 Watching for file changes with StatReloader
INFO 2026-05-15 11:08:43,182 autoreload 13860 42240 C:\Users\admin\OneDrive\Desktop\Hostel Management System\hostel_management\accounts\views.py changed, reloading.
INFO 2026-05-15 11:08:43,185 autoreload 22764 48720 C:\Users\admin\OneDrive\Desktop\Hostel Management System\hostel_management\accounts\views.py changed, reloading.
INFO 2026-05-15 11:08:44,720 autoreload 24152 41020 Watching for file changes with StatReloader
INFO 2026-05-15 11:08:44,751 autoreload 38376 20632 Watching for file changes with StatReloader
INFO 2026-05-15 11:11:32,807 basehttp 43056 40636 "GET /student/ HTTP/1.1" 200 13319
INFO 2026-05-15 11:11:34,939 basehttp 43056 40636 "GET /student/ HTTP/1.1" 200 13319
INFO 2026-05-15 11:11:38,931 basehttp 43056 40636 "GET /logout/ HTTP/1.1" 302 0
INFO 2026-05-15 11:11:38,938 basehttp 43056 40636 "GET /login/ HTTP/1.1" 200 13857
INFO 2026-05-15 11:11:48,011 basehttp 43056 40636 "GET /register/ HTTP/1.1" 200 14838
INFO 2026-05-15 11:11:53,668 basehttp 43056 40636 "GET /login/ HTTP/1.1" 200 13104
INFO 2026-05-15 11:12:14,784 basehttp 43056 40636 "POST /login/ HTTP/1.1" 200 13833
INFO 2026-05-15 11:12:28,012 basehttp 43056 40636 "GET /password_reset/ HTTP/1.1" 200 12013
INFO 2026-05-15 11:12:44,363 basehttp 43056 40636 "POST /password_reset/ HTTP/1.1" 302 0
INFO 2026-05-15 11:12:44,369 basehttp 43056 40636 "GET /password_reset/done/ HTTP/1.1" 200 11595
INFO 2026-05-15 11:12:54,771 basehttp 43056 40636 "GET /login/ HTTP/1.1" 200 13104
INFO 2026-05-15 11:14:19,614 basehttp 43056 40636 "GET /login/ HTTP/1.1" 200 13104
INFO 2026-05-15 11:14:20,397 basehttp 43056 40636 "GET /login/ HTTP/1.1" 200 13104
INFO 2026-05-15 11:14:20,600 basehttp 43056 40636 "GET /login/ HTTP/1.1" 200 13104
INFO 2026-05-15 11:19:34,351 autoreload 48392 38040 Watching for file changes with StatReloader
INFO 2026-05-15 11:20:40,164 autoreload 45876 46308 Watching for file changes with StatReloader
INFO 2026-05-15 11:20:44,927 basehttp 43056 14100 "GET / HTTP/1.1" 302 0
INFO 2026-05-15 11:20:44,939 basehttp 43056 14100 "GET /login/?next=/ HTTP/1.1" 200 13104
INFO 2026-05-15 11:21:06,856 basehttp 43056 14100 "POST /login/?next=/ HTTP/1.1" 302 0
INFO 2026-05-15 11:21:06,868 basehttp 43056 14100 "GET / HTTP/1.1" 302 0
INFO 2026-05-15 11:21:06,886 basehttp 43056 14100 "GET /student/ HTTP/1.1" 200 13697
INFO 2026-05-15 11:21:20,551 basehttp 43056 14100 "GET /add-complaint/ HTTP/1.1" 200 15357
INFO 2026-05-15 11:21:23,493 basehttp 43056 14100 "GET /complaints/ HTTP/1.1" 200 17566
INFO 2026-05-15 11:21:26,922 basehttp 43056 14100 "GET /complaint/3/ HTTP/1.1" 200 13893
INFO 2026-05-15 11:21:29,322 basehttp 43056 14100 "GET /complaints/ HTTP/1.1" 200 17566
INFO 2026-05-15 11:21:34,082 basehttp 43056 14100 "GET /student/ HTTP/1.1" 200 13319
INFO 2026-05-15 11:21:39,209 basehttp 43056 14100 "GET /logout/ HTTP/1.1" 302 0
INFO 2026-05-15 11:21:39,216 basehttp 43056 14100 "GET /login/ HTTP/1.1" 200 13857
INFO 2026-05-15 11:21:52,809 basehttp 43056 14100 "POST /login/ HTTP/1.1" 302 0
INFO 2026-05-15 11:21:52,821 basehttp 43056 14100 "GET / HTTP/1.1" 302 0
INFO 2026-05-15 11:21:52,971 basehttp 43056 14100 "GET /admin/ HTTP/1.1" 200 16412
INFO 2026-05-15 11:21:52,993 basehttp 43056 14100 "GET /static/admin/css/base.css HTTP/1.1" 304 0
INFO 2026-05-15 11:21:52,997 basehttp 43056 43708 "GET /static/admin/css/dark_mode.css HTTP/1.1" 304 0
INFO 2026-05-15 11:21:52,998 basehttp 43056 44296 "GET /static/admin/css/nav_sidebar.css HTTP/1.1" 304 0
INFO 2026-05-15 11:21:52,998 basehttp 43056 12828 "GET /static/admin/css/dashboard.css HTTP/1.1" 304 0
INFO 2026-05-15 11:21:52,999 basehttp 43056 44924 "GET /static/admin/css/responsive.css HTTP/1.1" 304 0
INFO 2026-05-15 11:21:53,007 basehttp 43056 44924 "GET /static/admin/js/theme.js HTTP/1.1" 304 0
INFO 2026-05-15 11:21:53,007 basehttp 43056 44296 "GET /static/admin/js/nav_sidebar.js HTTP/1.1" 304 0
INFO 2026-05-15 11:21:53,015 basehttp 43056 44296 "GET /static/admin/img/icon-yes.svg HTTP/1.1" 304 0
INFO 2026-05-15 11:21:53,015 basehttp 43056 12828 "GET /static/admin/img/icon-changelink.svg HTTP/1.1" 304 0
INFO 2026-05-15 11:21:53,016 basehttp 43056 44924 "GET /static/admin/img/icon-addlink.svg HTTP/1.1" 304 0
INFO 2026-05-15 11:22:08,420 basehttp 43056 44924 "GET /admin/accounts/wardenprofile/ HTTP/1.1" 200 15476
INFO 2026-05-15 11:22:08,448 basehttp 43056 44924 "GET /static/admin/css/changelists.css HTTP/1.1" 304 0
INFO 2026-05-15 11:22:08,451 basehttp 43056 44296 "GET /static/admin/js/vendor/jquery/jquery.js HTTP/1.1" 304 0
INFO 2026-05-15 11:22:08,451 basehttp 43056 14100 "GET /static/admin/js/core.js HTTP/1.1" 304 0
INFO 2026-05-15 11:22:08,452 basehttp 43056 43708 "GET /static/admin/js/jquery.init.js HTTP/1.1" 304 0
INFO 2026-05-15 11:22:08,460 basehttp 43056 44296 "GET /static/admin/js/urlify.js HTTP/1.1" 304 0
INFO 2026-05-15 11:22:08,462 basehttp 43056 14100 "GET /static/admin/js/prepopulate.js HTTP/1.1" 304 0
INFO 2026-05-15 11:22:08,462 basehttp 43056 44924 "GET /static/admin/js/actions.js HTTP/1.1" 304 0
INFO 2026-05-15 11:22:08,463 basehttp 43056 20680 "GET /static/admin/js/admin/RelatedObjectLookups.js HTTP/1.1" 304 0
INFO 2026-05-15 11:22:08,463 basehttp 43056 43708 "GET /static/admin/js/vendor/xregexp/xregexp.js HTTP/1.1" 304 0
INFO 2026-05-15 11:22:08,493 basehttp 43056 43708 "GET /static/admin/img/search.svg HTTP/1.1" 304 0
INFO 2026-05-15 11:22:08,503 basehttp 43056 43708 "GET /static/admin/js/filters.js HTTP/1.1" 304 0
INFO 2026-05-15 11:22:08,517 basehttp 43056 12828 "GET /admin/jsi18n/ HTTP/1.1" 200 3342
INFO 2026-05-15 11:22:08,551 basehttp 43056 12828 "GET /static/admin/img/tooltag-add.svg HTTP/1.1" 304 0
INFO 2026-05-15 11:22:08,552 basehttp 43056 43708 "GET /static/admin/img/sorting-icons.svg HTTP/1.1" 304 0
INFO 2026-05-15 11:22:08,553 basehttp 43056 20680 "GET /static/admin/img/icon-viewlink.svg HTTP/1.1" 304 0
INFO 2026-05-15 11:22:12,106 basehttp 43056 20680 "GET /admin/accounts/wardenprofile/1/change/ HTTP/1.1" 200 22194
INFO 2026-05-15 11:22:12,133 basehttp 43056 43708 "GET /static/admin/css/forms.css HTTP/1.1" 304 0
INFO 2026-05-15 11:22:12,141 basehttp 43056 12828 "GET /admin/jsi18n/ HTTP/1.1" 200 3342
INFO 2026-05-15 11:22:12,141 basehttp 43056 43708 "GET /static/admin/js/prepopulate_init.js HTTP/1.1" 304 0
INFO 2026-05-15 11:22:12,144 basehttp 43056 44924 "GET /static/admin/css/widgets.css HTTP/1.1" 304 0
INFO 2026-05-15 11:22:12,152 basehttp 43056 44924 "GET /static/admin/js/change_form.js HTTP/1.1" 304 0
INFO 2026-05-15 11:22:12,283 basehttp 43056 20680 "GET /static/admin/js/collapse.js HTTP/1.1" 200 1803
INFO 2026-05-15 11:22:34,487 basehttp 43056 20680 "POST /admin/accounts/wardenprofile/1/change/ HTTP/1.1" 302 0
INFO 2026-05-15 11:22:34,511 basehttp 43056 20680 "GET /admin/accounts/wardenprofile/ HTTP/1.1" 200 15715
INFO 2026-05-15 11:22:34,532 basehttp 43056 20680 "GET /admin/jsi18n/ HTTP/1.1" 200 3342
INFO 2026-05-15 11:22:37,466 basehttp 43056 20680 "GET /admin/accounts/wardenprofile/add/ HTTP/1.1" 200 21866
INFO 2026-05-15 11:22:37,484 basehttp 43056 20680 "GET /admin/jsi18n/ HTTP/1.1" 200 3342
INFO 2026-05-15 11:22:42,024 basehttp 43056 20680 "GET /admin/accounts/customuser/add/?_to_field=id&_popup=1 HTTP/1.1" 200 6794
INFO 2026-05-15 11:22:42,103 basehttp 43056 20680 "GET /admin/jsi18n/ HTTP/1.1" 200 3342
INFO 2026-05-15 11:23:04,730 basehttp 43056 20680 "POST /admin/accounts/customuser/add/?_to_field=id&_popup=1 HTTP/1.1" 200 327
INFO 2026-05-15 11:23:04,745 basehttp 43056 20680 "GET /static/admin/js/popup_response.js HTTP/1.1" 304 0
INFO 2026-05-15 11:23:19,779 basehttp 43056 20680 "POST /admin/accounts/wardenprofile/add/ HTTP/1.1" 302 0
INFO 2026-05-15 11:23:19,808 basehttp 43056 20680 "GET /admin/accounts/wardenprofile/ HTTP/1.1" 200 16220
INFO 2026-05-15 11:23:19,829 basehttp 43056 20680 "GET /admin/jsi18n/ HTTP/1.1" 200 3342
INFO 2026-05-15 11:23:28,100 basehttp 43056 20680 "GET /admin/ HTTP/1.1" 200 16295
INFO 2026-05-15 11:23:31,156 basehttp 43056 20680 "GET /admin/accounts/wardenprofile/ HTTP/1.1" 200 15988
INFO 2026-05-15 11:23:32,116 basehttp 43056 20680 "GET /admin/accounts/wardenprofile/add/ HTTP/1.1" 200 21904
INFO 2026-05-15 11:23:33,892 basehttp 43056 20680 "GET /admin/accounts/wardenprofile/ HTTP/1.1" 200 15988
INFO 2026-05-15 11:23:34,416 basehttp 43056 20680 "GET /admin/ HTTP/1.1" 200 16295
INFO 2026-05-15 11:23:44,417 basehttp 43056 20680 "GET /login/ HTTP/1.1" 302 0
INFO 2026-05-15 11:23:44,425 basehttp 43056 20680 "GET / HTTP/1.1" 302 0
INFO 2026-05-15 11:23:44,442 basehttp 43056 20680 "GET /admin/ HTTP/1.1" 200 16295
INFO 2026-05-15 11:23:55,857 basehttp 43056 20680 "GET /login/ HTTP/1.1" 302 0
INFO 2026-05-15 11:23:55,865 basehttp 43056 20680 "GET / HTTP/1.1" 302 0
INFO 2026-05-15 11:23:55,887 basehttp 43056 20680 "GET /admin/ HTTP/1.1" 200 16295
INFO 2026-05-15 11:24:08,396 basehttp 43056 20680 "GET / HTTP/1.1" 302 0
INFO 2026-05-15 11:24:08,450 basehttp 43056 20680 "GET /admin/ HTTP/1.1" 200 16295
INFO 2026-05-15 11:24:11,276 basehttp 43056 20680 "POST /admin/logout/ HTTP/1.1" 200 3553
INFO 2026-05-15 11:24:12,593 basehttp 43056 20680 "GET /admin/ HTTP/1.1" 302 0
INFO 2026-05-15 11:24:12,624 basehttp 43056 20680 "GET /admin/login/?next=/admin/ HTTP/1.1" 200 4158
INFO 2026-05-15 11:24:12,635 basehttp 43056 20680 "GET /static/admin/css/login.css HTTP/1.1" 304 0
INFO 2026-05-15 11:24:33,036 basehttp 43056 20680 "POST /admin/login/?next=/admin/ HTTP/1.1" 200 4322
INFO 2026-05-16 13:29:36,306 basehttp 43056 57776 "GET / HTTP/1.1" 302 0
INFO 2026-05-16 13:29:36,400 basehttp 43056 57776 "GET /login/?next=/ HTTP/1.1" 200 13104
INFO 2026-05-16 13:30:01,484 basehttp 43056 56072 "POST /login/?next=/ HTTP/1.1" 302 0
INFO 2026-05-16 13:30:01,511 basehttp 43056 56072 "GET / HTTP/1.1" 302 0
INFO 2026-05-16 13:30:01,606 basehttp 43056 56072 "GET /student/ HTTP/1.1" 200 13697
ERROR 2026-05-16 13:30:13,748 log 43056 13480 Internal Server Error: /notifications/
Traceback (most recent call last):
  File "C:\Users\admin\AppData\Local\Programs\Python\Python313\Lib\site-packages\django\db\backends\utils.py", line 105, in _execute
    return self.cursor.execute(sql, params)
           ~~~~~~~~~~~~~~~~~~~^^^^^^^^^^^^^
  File "C:\Users\admin\AppData\Local\Programs\Python\Python313\Lib\site-packages\django\db\backends\sqlite3\base.py", line 329, in execute
    return super().execute(query, params)
           ~~~~~~~~~~~~~~~^^^^^^^^^^^^^^^
sqlite3.OperationalError: no such table: operations_notification

The above exception was the direct cause of the following exception:

Traceback (most recent call last):
  File "C:\Users\admin\AppData\Local\Programs\Python\Python313\Lib\site-packages\django\core\handlers\exception.py", line 55, in inner
    response = get_response(request)
  File "C:\Users\admin\AppData\Local\Programs\Python\Python313\Lib\site-packages\django\core\handlers\base.py", line 197, in _get_response
    response = wrapped_callback(request, *callback_args, **callback_kwargs)
  File "C:\Users\admin\AppData\Local\Programs\Python\Python313\Lib\site-packages\django\contrib\auth\decorators.py", line 23, in _wrapper_view
    return view_func(request, *args, **kwargs)
  File "C:\Users\admin\AppData\Local\Programs\Python\Python313\Lib\site-packages\django\contrib\auth\decorators.py", line 23, in _wrapper_view
    return view_func(request, *args, **kwargs)
  File "C:\Users\admin\OneDrive\Desktop\HOSTEL MANAGEMENT SYSTEM\hostel_management\accounts\views.py", line 399, in notifications_view
    return render(request, 'warden/leave_requests.html', {'leave_requests': leave_requests})
                   ^^^^^^^^^^^^^^^^^^^^^^^^^^^^^^^^^^^^^^^^^^^
  File "C:\Users\admin\AppData\Local\Programs\Python\Python313\Lib\site-packages\django\db\models\query.py", line 620, in count
    return self.query.get_count(using=self.db)
           ~~~~~~~~~~~~~~~~~~~~^^^^^^^^^^^^^^^
  File "C:\Users\admin\AppData\Local\Programs\Python\Python313\Lib\site-packages\django\db\models\sql\query.py", line 629, in get_count
    return obj.get_aggregation(using, {"__count": Count("*")})["__count"]
           ~~~~~~~~~~~~~~~~~~~^^^^^^^^^^^^^^^^^^^^^^^^^^^^^^^^
  File "C:\Users\admin\AppData\Local\Programs\Python\Python313\Lib\site-packages\django\db\models\sql\query.py", line 615, in get_aggregation
    result = compiler.execute_sql(SINGLE)
  File "C:\Users\admin\AppData\Local\Programs\Python\Python313\Lib\site-packages\django\db\models\sql\compiler.py", line 1562, in execute_sql
    cursor.execute(sql, params)
    ~~~~~~~~~~~~~~^^^^^^^^^^^^^
  File "C:\Users\admin\AppData\Local\Programs\Python\Python313\Lib\site-packages\django\db\backends\utils.py", line 122, in execute
    return super().execute(sql, params)
           ~~~~~~~~~~~~~~~^^^^^^^^^^^^^
  File "C:\Users\admin\AppData\Local\Programs\Python\Python313\Lib\site-packages\django\db\backends\utils.py", line 79, in execute
    return self._execute_with_wrappers(
           ~~~~~~~~~~~~~~~~~~~~~~~~~~~^
        sql, params, many=False, executor=self._execute
        ^^^^^^^^^^^^^^^^^^^^^^^^^^^^^^^^^^^^^^^^^^^^^^^
    )
    ^
  File "C:\Users\admin\AppData\Local\Programs\Python\Python313\Lib\site-packages\django\db\backends\utils.py", line 92, in _execute_with_wrappers
    return executor(sql, params, many, context)
  File "C:\Users\admin\AppData\Local\Programs\Python\Python313\Lib\site-packages\django\db\backends\utils.py", line 100, in _execute
    with self.db.wrap_database_errors:
         ^^^^^^^^^^^^^^^^^^^^^^^^^^^^
  File "C:\Users\admin\AppData\Local\Programs\Python\Python313\Lib\site-packages\django\db\utils.py", line 91, in __exit__
    raise dj_exc_value.with_traceback(traceback) from exc_value
  File "C:\Users\admin\AppData\Local\Programs\Python\Python313\Lib\site-packages\django\db\backends\utils.py", line 105, in _execute
    return self.cursor.execute(sql, params)
           ~~~~~~~~~~~~~~~~~~~^^^^^^^^^^^^^
  File "C:\Users\admin\AppData\Local\Programs\Python\Python313\Lib\site-packages\django\db\backends\sqlite3\base.py", line 329, in execute
    return super().execute(query, params)
           ~~~~~~~~~~~~~~~^^^^^^^^^^^^^^^
django.db.utils.OperationalError: no such table: operations_notification
ERROR 2026-05-16 13:30:13,766 basehttp 43056 13480 "GET /notifications/ HTTP/1.1" 500 144442
INFO 2026-05-16 13:30:16,628 basehttp 43056 13480 "GET /student/ HTTP/1.1" 200 13319
INFO 2026-05-16 13:30:23,381 basehttp 43056 46452 "GET /profile/ HTTP/1.1" 200 16393
INFO 2026-05-16 13:30:27,975 basehttp 43056 46452 "GET / HTTP/1.1" 302 0
INFO 2026-05-16 13:30:28,003 basehttp 43056 46452 "GET /student/ HTTP/1.1" 200 13319
INFO 2026-05-16 13:33:37,361 autoreload 24152 41020 C:\Users\admin\OneDrive\Desktop\Hostel Management System\hostel_management\accounts\views.py changed, reloading.
INFO 2026-05-16 13:33:37,425 autoreload 45876 46308 C:\Users\admin\OneDrive\Desktop\Hostel Management System\hostel_management\operations\models.py changed, reloading.
INFO 2026-05-16 13:33:41,477 autoreload 44596 42732 Watching for file changes with StatReloader
INFO 2026-05-16 13:33:41,485 autoreload 49952 54348 Watching for file changes with StatReloader
INFO 2026-05-16 16:13:11,360 autoreload 50312 41176 Watching for file changes with StatReloader
INFO 2026-05-16 16:13:18,153 log 50312 47892 "GET / HTTP/1.1" 302 0
INFO 2026-05-16 16:13:18,190 log 50312 47892 "GET /login/?next=/ HTTP/1.1" 200 13104
INFO 2026-05-16 16:13:40,337 log 50312 4956 "POST /login/?next=/ HTTP/1.1" 302 0
INFO 2026-05-16 16:13:40,351 log 50312 4956 "GET / HTTP/1.1" 302 0
INFO 2026-05-16 16:13:40,439 log 50312 4956 "GET /student/ HTTP/1.1" 200 18242
INFO 2026-05-16 16:13:55,584 log 50312 52668 "GET /leave/requests/ HTTP/1.1" 200 12554
ERROR 2026-05-16 16:14:02,444 log 50312 36808 Internal Server Error: /notifications/
Traceback (most recent call last):
  File "C:\Users\admin\OneDrive\Desktop\HOSTEL MANAGEMENT SYSTEM\hostel_management\.venv\Lib\site-packages\django\db\backends\utils.py", line 105, in _execute
    return self.cursor.execute(sql, params)
           ~~~~~~~~~~~~~~~~~~~^^^^^^^^^^^^^
  File "C:\Users\admin\OneDrive\Desktop\HOSTEL MANAGEMENT SYSTEM\hostel_management\.venv\Lib\site-packages\django\db\backends\sqlite3\base.py", line 359, in execute
    return super().execute(query, params)
           ~~~~~~~~~~~~~~~^^^^^^^^^^^^^^^
sqlite3.OperationalError: no such table: operations_notification

The above exception was the direct cause of the following exception:

Traceback (most recent call last):
  File "C:\Users\admin\OneDrive\Desktop\HOSTEL MANAGEMENT SYSTEM\hostel_management\.venv\Lib\site-packages\django\core\handlers\exception.py", line 55, in inner
    response = get_response(request)
  File "C:\Users\admin\OneDrive\Desktop\HOSTEL MANAGEMENT SYSTEM\hostel_management\.venv\Lib\site-packages\django\core\handlers\base.py", line 198, in _get_response
    response = wrapped_callback(request, *callback_args, **callback_kwargs)
  File "C:\Users\admin\OneDrive\Desktop\HOSTEL MANAGEMENT SYSTEM\hostel_management\.venv\Lib\site-packages\django\contrib\auth\decorators.py", line 59, in _view_wrapper
    return view_func(request, *args, **kwargs)
  File "C:\Users\admin\OneDrive\Desktop\HOSTEL MANAGEMENT SYSTEM\hostel_management\.venv\Lib\site-packages\django\contrib\auth\decorators.py", line 59, in _view_wrapper
    return view_func(request, *args, **kwargs)
  File "C:\Users\admin\OneDrive\Desktop\HOSTEL MANAGEMENT SYSTEM\hostel_management\accounts\views.py", line 542, in notifications_view
    unread_count = notifications.filter(is_read=False).count()
  File "C:\Users\admin\OneDrive\Desktop\HOSTEL MANAGEMENT SYSTEM\hostel_management\.venv\Lib\site-packages\django\db\models\query.py", line 610, in count
    return self.query.get_count(using=self.db)
           ~~~~~~~~~~~~~~~~~~~~^^^^^^^^^^^^^^^
  File "C:\Users\admin\OneDrive\Desktop\HOSTEL MANAGEMENT SYSTEM\hostel_management\.venv\Lib\site-packages\django\db\models\sql\query.py", line 656, in get_count
    return obj.get_aggregation(using, {"__count": Count("*")})["__count"]
           ~~~~~~~~~~~~~~~~~~~^^^^^^^^^^^^^^^^^^^^^^^^^^^^^^^^
  File "C:\Users\admin\OneDrive\Desktop\HOSTEL MANAGEMENT SYSTEM\hostel_management\.venv\Lib\site-packages\django\db\models\sql\query.py", line 638, in get_aggregation
    result = compiler.execute_sql(SINGLE)
  File "C:\Users\admin\OneDrive\Desktop\HOSTEL MANAGEMENT SYSTEM\hostel_management\.venv\Lib\site-packages\django\db\models\sql\compiler.py", line 1624, in execute_sql
    cursor.execute(sql, params)
    ~~~~~~~~~~~~~~^^^^^^^^^^^^^
  File "C:\Users\admin\OneDrive\Desktop\HOSTEL MANAGEMENT SYSTEM\hostel_management\.venv\Lib\site-packages\django\db\backends\utils.py", line 122, in execute
    return super().execute(sql, params)
           ~~~~~~~~~~~~~~~^^^^^^^^^^^^^
  File "C:\Users\admin\OneDrive\Desktop\HOSTEL MANAGEMENT SYSTEM\hostel_management\.venv\Lib\site-packages\django\db\backends\utils.py", line 79, in execute
    return self._execute_with_wrappers(
           ~~~~~~~~~~~~~~~~~~~~~~~~~~~^
        sql, params, many=False, executor=self._execute
        ^^^^^^^^^^^^^^^^^^^^^^^^^^^^^^^^^^^^^^^^^^^^^^^
    )
    ^
  File "C:\Users\admin\OneDrive\Desktop\HOSTEL MANAGEMENT SYSTEM\hostel_management\.venv\Lib\site-packages\django\db\backends\utils.py", line 92, in _execute_with_wrappers
    return executor(sql, params, many, context)
  File "C:\Users\admin\OneDrive\Desktop\HOSTEL MANAGEMENT SYSTEM\hostel_management\.venv\Lib\site-packages\django\db\backends\utils.py", line 100, in _execute
    with self.db.wrap_database_errors:
         ^^^^^^^^^^^^^^^^^^^^^^^^^^^^
  File "C:\Users\admin\OneDrive\Desktop\HOSTEL MANAGEMENT SYSTEM\hostel_management\.venv\Lib\site-packages\django\db\utils.py", line 94, in __exit__
    raise dj_exc_value.with_traceback(traceback) from exc_value
  File "C:\Users\admin\OneDrive\Desktop\HOSTEL MANAGEMENT SYSTEM\hostel_management\.venv\Lib\site-packages\django\db\backends\utils.py", line 105, in _execute
    return self.cursor.execute(sql, params)
           ~~~~~~~~~~~~~~~~~~~^^^^^^^^^^^^^
  File "C:\Users\admin\OneDrive\Desktop\HOSTEL MANAGEMENT SYSTEM\hostel_management\.venv\Lib\site-packages\django\db\backends\sqlite3\base.py", line 359, in execute
    return super().execute(query, params)
           ~~~~~~~~~~~~~~~^^^^^^^^^^^^^^^
django.db.utils.OperationalError: no such table: operations_notification
ERROR 2026-05-16 16:14:02,462 log 50312 36808 "GET /notifications/ HTTP/1.1" 500 148194
INFO 2026-05-16 16:14:08,230 log 50312 36808 "GET /profile/ HTTP/1.1" 200 16376
INFO 2026-05-16 16:14:20,276 log 50312 18504 "GET /leave/requests/ HTTP/1.1" 200 12554
INFO 2026-05-16 16:14:25,762 log 50312 12500 "GET /fees/ HTTP/1.1" 200 15106
INFO 2026-05-16 16:14:29,745 log 50312 12500 "GET /fee/2/ HTTP/1.1" 200 14673
INFO 2026-05-16 16:14:33,729 log 50312 50040 "GET /complaints/ HTTP/1.1" 200 18449
INFO 2026-05-16 16:14:40,849 log 50312 50040 "GET /student/ HTTP/1.1" 200 17862
INFO 2026-05-16 16:14:45,861 log 50312 56212 "GET /logout/ HTTP/1.1" 302 0
INFO 2026-05-16 16:14:45,866 log 50312 56212 "GET /login/ HTTP/1.1" 200 13857
INFO 2026-05-16 16:14:58,348 log 50312 44828 "POST /login/ HTTP/1.1" 200 13833
INFO 2026-05-16 16:15:14,421 log 50312 49520 "POST /login/ HTTP/1.1" 302 0
INFO 2026-05-16 16:15:14,432 log 50312 49520 "GET / HTTP/1.1" 302 0
INFO 2026-05-16 16:15:14,453 log 50312 49520 "GET /student/ HTTP/1.1" 200 18253
INFO 2026-05-16 16:15:28,314 log 50312 48776 "GET /logout/ HTTP/1.1" 302 0
INFO 2026-05-16 16:15:28,319 log 50312 48776 "GET /login/ HTTP/1.1" 200 13857
INFO 2026-05-16 16:15:39,946 log 50312 32892 "POST /login/ HTTP/1.1" 302 0
INFO 2026-05-16 16:15:39,957 log 50312 32892 "GET / HTTP/1.1" 302 0
INFO 2026-05-16 16:15:40,132 log 50312 32892 "GET /admin/ HTTP/1.1" 200 20313
INFO 2026-05-16 16:15:40,631 log 50312 46188 "GET /static/admin/css/dashboard.css HTTP/1.1" 200 441
INFO 2026-05-16 16:15:40,637 log 50312 34408 "GET /static/admin/css/dark_mode.css HTTP/1.1" 200 3538
INFO 2026-05-16 16:15:40,646 log 50312 52032 "GET /static/admin/css/nav_sidebar.css HTTP/1.1" 200 2810
INFO 2026-05-16 16:15:40,648 log 50312 51140 "GET /static/admin/css/responsive.css HTTP/1.1" 200 16273
INFO 2026-05-16 16:15:40,651 log 50312 32892 "GET /static/admin/css/base.css HTTP/1.1" 200 23100
INFO 2026-05-16 16:15:40,675 log 50312 44552 "GET /static/admin/js/theme.js HTTP/1.1" 200 1653
INFO 2026-05-16 16:15:40,692 log 50312 32892 "GET /static/admin/js/nav_sidebar.js HTTP/1.1" 200 3063
INFO 2026-05-16 16:15:40,709 log 50312 51140 "GET /static/admin/img/icon-addlink.svg HTTP/1.1" 200 593
INFO 2026-05-16 16:15:40,710 log 50312 52032 "GET /static/admin/img/icon-changelink.svg HTTP/1.1" 200 978
INFO 2026-05-16 16:15:40,711 log 50312 44552 "GET /static/admin/img/icon-yes-dark.svg HTTP/1.1" 200 558
INFO 2026-05-19 20:24:45,637 autoreload 1288 10692 Watching for file changes with StatReloader
INFO 2026-05-19 20:26:03,042 autoreload 20024 2264 Watching for file changes with StatReloader
INFO 2026-05-19 20:26:37,541 autoreload 30320 10632 Watching for file changes with StatReloader
INFO 2026-05-19 20:26:51,603 log 30320 18236 "GET / HTTP/1.1" 302 0
INFO 2026-05-19 20:26:51,678 log 30320 18236 "GET /login/?next=/ HTTP/1.1" 200 13104
INFO 2026-05-19 20:32:30,064 log 30320 21760 "POST /login/?next=/ HTTP/1.1" 302 0
INFO 2026-05-19 20:32:30,073 log 30320 21760 "GET / HTTP/1.1" 302 0
INFO 2026-05-19 20:32:30,167 log 30320 21760 "GET /student/ HTTP/1.1" 200 18253
INFO 2026-05-19 20:32:46,810 log 30320 21760 "GET /leave/requests/ HTTP/1.1" 200 12554
INFO 2026-05-19 20:32:48,693 log 30320 21760 "GET /leave/apply/ HTTP/1.1" 200 14674
INFO 2026-05-19 20:32:53,122 log 30320 21760 "GET /student/ HTTP/1.1" 200 17875
ERROR 2026-05-19 20:32:58,756 log 30320 21760 Internal Server Error: /notifications/
Traceback (most recent call last):
  File "C:\Users\admin\OneDrive\Desktop\Hostel Management System\venv\Lib\site-packages\django\db\backends\utils.py", line 105, in _execute
    return self.cursor.execute(sql, params)
           ~~~~~~~~~~~~~~~~~~~^^^^^^^^^^^^^
  File "C:\Users\admin\OneDrive\Desktop\Hostel Management System\venv\Lib\site-packages\django\db\backends\sqlite3\base.py", line 359, in execute
    return super().execute(query, params)
           ~~~~~~~~~~~~~~~^^^^^^^^^^^^^^^
sqlite3.OperationalError: no such table: operations_notification

The above exception was the direct cause of the following exception:

Traceback (most recent call last):
  File "C:\Users\admin\OneDrive\Desktop\Hostel Management System\venv\Lib\site-packages\django\core\handlers\exception.py", line 55, in inner
    response = get_response(request)
  File "C:\Users\admin\OneDrive\Desktop\Hostel Management System\venv\Lib\site-packages\django\core\handlers\base.py", line 198, in _get_response
    response = wrapped_callback(request, *callback_args, **callback_kwargs)
  File "C:\Users\admin\OneDrive\Desktop\Hostel Management System\venv\Lib\site-packages\django\contrib\auth\decorators.py", line 59, in _view_wrapper
    return view_func(request, *args, **kwargs)
  File "C:\Users\admin\OneDrive\Desktop\Hostel Management System\venv\Lib\site-packages\django\contrib\auth\decorators.py", line 59, in _view_wrapper
    return view_func(request, *args, **kwargs)
  File "C:\Users\admin\OneDrive\Desktop\Hostel Management System\hostel_management\accounts\views.py", line 542, in notifications_view
    unread_count = notifications.filter(is_read=False).count()
  File "C:\Users\admin\OneDrive\Desktop\Hostel Management System\venv\Lib\site-packages\django\db\models\query.py", line 610, in count
    return self.query.get_count(using=self.db)
           ~~~~~~~~~~~~~~~~~~~~^^^^^^^^^^^^^^^
  File "C:\Users\admin\OneDrive\Desktop\Hostel Management System\venv\Lib\site-packages\django\db\models\sql\query.py", line 656, in get_count
    return obj.get_aggregation(using, {"__count": Count("*")})["__count"]
           ~~~~~~~~~~~~~~~~~~~^^^^^^^^^^^^^^^^^^^^^^^^^^^^^^^^
  File "C:\Users\admin\OneDrive\Desktop\Hostel Management System\venv\Lib\site-packages\django\db\models\sql\query.py", line 638, in get_aggregation
    result = compiler.execute_sql(SINGLE)
  File "C:\Users\admin\OneDrive\Desktop\Hostel Management System\venv\Lib\site-packages\django\db\models\sql\compiler.py", line 1624, in execute_sql
    cursor.execute(sql, params)
    ~~~~~~~~~~~~~~^^^^^^^^^^^^^
  File "C:\Users\admin\OneDrive\Desktop\Hostel Management System\venv\Lib\site-packages\django\db\backends\utils.py", line 122, in execute
    return super().execute(sql, params)
           ~~~~~~~~~~~~~~~^^^^^^^^^^^^^
  File "C:\Users\admin\OneDrive\Desktop\Hostel Management System\venv\Lib\site-packages\django\db\backends\utils.py", line 79, in execute
    return self._execute_with_wrappers(
           ~~~~~~~~~~~~~~~~~~~~~~~~~~~^
        sql, params, many=False, executor=self._execute
        ^^^^^^^^^^^^^^^^^^^^^^^^^^^^^^^^^^^^^^^^^^^^^^^
    )
    ^
  File "C:\Users\admin\OneDrive\Desktop\Hostel Management System\venv\Lib\site-packages\django\db\backends\utils.py", line 92, in _execute_with_wrappers
    return executor(sql, params, many, context)
  File "C:\Users\admin\OneDrive\Desktop\Hostel Management System\venv\Lib\site-packages\django\db\backends\utils.py", line 100, in _execute
    with self.db.wrap_database_errors:
         ^^^^^^^^^^^^^^^^^^^^^^^^^^^^
  File "C:\Users\admin\OneDrive\Desktop\Hostel Management System\venv\Lib\site-packages\django\db\utils.py", line 94, in __exit__
    raise dj_exc_value.with_traceback(traceback) from exc_value
  File "C:\Users\admin\OneDrive\Desktop\Hostel Management System\venv\Lib\site-packages\django\db\backends\utils.py", line 105, in _execute
    return self.cursor.execute(sql, params)
           ~~~~~~~~~~~~~~~~~~~^^^^^^^^^^^^^
  File "C:\Users\admin\OneDrive\Desktop\Hostel Management System\venv\Lib\site-packages\django\db\backends\sqlite3\base.py", line 359, in execute
    return super().execute(query, params)
           ~~~~~~~~~~~~~~~^^^^^^^^^^^^^^^
django.db.utils.OperationalError: no such table: operations_notification
ERROR 2026-05-19 20:32:58,771 log 30320 21760 "GET /notifications/ HTTP/1.1" 500 147305
INFO 2026-05-20 17:03:59,142 autoreload 37264 31812 Watching for file changes with StatReloader
INFO 2026-05-20 17:04:12,415 log 37264 22152 "GET /login/ HTTP/1.1" 200 13104
INFO 2026-05-20 17:04:17,184 log 37264 22152 "GET / HTTP/1.1" 302 0
INFO 2026-05-20 17:04:17,193 log 37264 22152 "GET /login/?next=/ HTTP/1.1" 200 13104
WARNING 2026-05-20 17:04:17,534 log 37264 22152 Not Found: /favicon.ico
WARNING 2026-05-20 17:04:17,536 log 37264 22152 "GET /favicon.ico HTTP/1.1" 404 9661
INFO 2026-05-20 17:04:32,572 log 37264 22152 "GET /register/ HTTP/1.1" 200 14838
INFO 2026-05-20 17:05:12,564 log 37264 22152 "POST /register/ HTTP/1.1" 200 15903
INFO 2026-05-20 17:05:26,745 log 37264 22152 "POST /register/ HTTP/1.1" 302 0
INFO 2026-05-20 17:05:26,756 log 37264 22152 "GET /login/ HTTP/1.1" 200 13993
INFO 2026-05-20 17:05:51,217 log 37264 22152 "POST /login/ HTTP/1.1" 302 0
INFO 2026-05-20 17:05:51,292 log 37264 22152 "GET / HTTP/1.1" 302 0
INFO 2026-05-20 17:05:51,913 log 37264 22152 "GET /admin/ HTTP/1.1" 200 20313
INFO 2026-05-20 17:05:52,537 log 37264 22152 "GET /static/admin/css/base.css HTTP/1.1" 200 23100
INFO 2026-05-20 17:05:52,594 log 37264 39164 "GET /static/admin/css/responsive.css HTTP/1.1" 200 16273
INFO 2026-05-20 17:05:52,619 log 37264 9872 "GET /static/admin/css/dark_mode.css HTTP/1.1" 200 3538
INFO 2026-05-20 17:05:52,619 log 37264 25892 "GET /static/admin/css/dashboard.css HTTP/1.1" 200 441
INFO 2026-05-20 17:05:52,626 log 37264 25568 "GET /static/admin/css/nav_sidebar.css HTTP/1.1" 200 2810
INFO 2026-05-20 17:05:52,640 log 37264 29232 "GET /static/admin/js/theme.js HTTP/1.1" 200 1653
INFO 2026-05-20 17:05:52,692 log 37264 9872 "GET /static/admin/img/icon-changelink.svg HTTP/1.1" 200 978
INFO 2026-05-20 17:05:52,693 log 37264 25892 "GET /static/admin/img/icon-addlink.svg HTTP/1.1" 200 593
INFO 2026-05-20 17:05:52,700 log 37264 29232 "GET /static/admin/img/icon-yes-dark.svg HTTP/1.1" 200 558
INFO 2026-05-20 17:05:52,706 log 37264 25568 "GET /static/admin/js/nav_sidebar.js HTTP/1.1" 200 3063
INFO 2026-05-20 17:05:57,748 log 37264 25568 "GET /admin/operations/visitor/ HTTP/1.1" 200 17953
INFO 2026-05-20 17:05:57,827 log 37264 25568 "GET /static/admin/css/changelists.css HTTP/1.1" 200 7498
INFO 2026-05-20 17:05:57,889 log 37264 9872 "GET /static/admin/js/jquery.init.js HTTP/1.1" 200 347
INFO 2026-05-20 17:05:57,891 log 37264 22152 "GET /static/admin/js/admin/RelatedObjectLookups.js HTTP/1.1" 200 9777
INFO 2026-05-20 17:05:57,891 log 37264 39164 "GET /static/admin/js/core.js HTTP/1.1" 200 6208
INFO 2026-05-20 17:05:57,945 log 37264 29232 "GET /admin/jsi18n/ HTTP/1.1" 200 3342
INFO 2026-05-20 17:05:57,954 log 37264 25892 "GET /static/admin/js/vendor/jquery/jquery.js HTTP/1.1" 200 285314
INFO 2026-05-20 17:05:57,970 log 37264 9872 "GET /static/admin/js/urlify.js HTTP/1.1" 200 7887
INFO 2026-05-20 17:05:57,974 log 37264 22152 "GET /static/admin/js/prepopulate.js HTTP/1.1" 200 1531
INFO 2026-05-20 17:05:57,975 log 37264 25568 "GET /static/admin/js/actions.js HTTP/1.1" 200 8076
INFO 2026-05-20 17:05:57,984 log 37264 29232 "GET /static/admin/img/search.svg HTTP/1.1" 200 607
INFO 2026-05-20 17:05:58,050 log 37264 29232 "GET /static/admin/js/filters.js HTTP/1.1" 200 978
INFO 2026-05-20 17:05:58,253 log 37264 39164 "GET /static/admin/js/vendor/xregexp/xregexp.js HTTP/1.1" 200 325171
INFO 2026-05-20 17:05:58,334 log 37264 29232 "GET /static/admin/img/icon-viewlink.svg HTTP/1.1" 200 928
INFO 2026-05-20 17:05:58,337 log 37264 39164 "GET /static/admin/img/tooltag-add.svg HTTP/1.1" 200 593
INFO 2026-05-20 17:06:01,070 log 37264 39164 "GET /admin/operations/roomrating/ HTTP/1.1" 200 17853
INFO 2026-05-20 17:06:01,125 log 37264 39164 "GET /admin/jsi18n/ HTTP/1.1" 200 3342
INFO 2026-05-20 17:06:03,965 log 37264 39164 "GET /admin/operations/leaveapplication/ HTTP/1.1" 200 17413
INFO 2026-05-20 17:06:04,027 log 37264 39164 "GET /admin/jsi18n/ HTTP/1.1" 200 3342
INFO 2026-05-20 17:06:05,351 log 37264 39164 "GET /admin/operations/fee/ HTTP/1.1" 200 21170
INFO 2026-05-20 17:06:05,410 log 37264 39164 "GET /admin/jsi18n/ HTTP/1.1" 200 3342
INFO 2026-05-20 17:06:05,495 log 37264 39164 "GET /static/admin/img/sorting-icons.svg HTTP/1.1" 200 1761
INFO 2026-05-20 17:06:12,680 log 37264 39164 "GET /admin/operations/complaint/ HTTP/1.1" 200 23547
INFO 2026-05-20 17:06:12,749 log 37264 39164 "GET /admin/jsi18n/ HTTP/1.1" 200 3342
INFO 2026-05-20 17:06:15,691 log 37264 39164 "GET /admin/operations/attendance/ HTTP/1.1" 200 21511
INFO 2026-05-20 17:06:15,743 log 37264 39164 "GET /admin/jsi18n/ HTTP/1.1" 200 3342
ERROR 2026-05-20 17:06:18,636 log 37264 39164 Internal Server Error: /admin/operations/announcement/
Traceback (most recent call last):
  File "C:\Users\admin\OneDrive\Desktop\Hostel Management System\venv\Lib\site-packages\django\db\backends\utils.py", line 105, in _execute
    return self.cursor.execute(sql, params)
           ~~~~~~~~~~~~~~~~~~~^^^^^^^^^^^^^
  File "C:\Users\admin\OneDrive\Desktop\Hostel Management System\venv\Lib\site-packages\django\db\backends\sqlite3\base.py", line 359, in execute
    return super().execute(query, params)
           ~~~~~~~~~~~~~~~^^^^^^^^^^^^^^^
sqlite3.OperationalError: no such column: operations_announcement.target_audience

The above exception was the direct cause of the following exception:

Traceback (most recent call last):
  File "C:\Users\admin\OneDrive\Desktop\Hostel Management System\venv\Lib\site-packages\django\core\handlers\exception.py", line 55, in inner
    response = get_response(request)
  File "C:\Users\admin\OneDrive\Desktop\Hostel Management System\venv\Lib\site-packages\django\core\handlers\base.py", line 198, in _get_response
    response = wrapped_callback(request, *callback_args, **callback_kwargs)
  File "C:\Users\admin\OneDrive\Desktop\Hostel Management System\venv\Lib\site-packages\django\contrib\admin\options.py", line 710, in wrapper
    return self.admin_site.admin_view(view)(*args, **kwargs)
           ~~~~~~~~~~~~~~~~~~~~~~~~~~~~~~~~^^^^^^^^^^^^^^^^^
  File "C:\Users\admin\OneDrive\Desktop\Hostel Management System\venv\Lib\site-packages\django\utils\decorators.py", line 192, in _view_wrapper
    result = _process_exception(request, e)
  File "C:\Users\admin\OneDrive\Desktop\Hostel Management System\venv\Lib\site-packages\django\utils\decorators.py", line 190, in _view_wrapper
    response = view_func(request, *args, **kwargs)
  File "C:\Users\admin\OneDrive\Desktop\Hostel Management System\venv\Lib\site-packages\django\views\decorators\cache.py", line 80, in _view_wrapper
    response = view_func(request, *args, **kwargs)
  File "C:\Users\admin\OneDrive\Desktop\Hostel Management System\venv\Lib\site-packages\django\contrib\admin\sites.py", line 247, in inner
    return view(request, *args, **kwargs)
  File "C:\Users\admin\OneDrive\Desktop\Hostel Management System\venv\Lib\site-packages\django\utils\decorators.py", line 48, in _wrapper
    return bound_method(*args, **kwargs)
  File "C:\Users\admin\OneDrive\Desktop\Hostel Management System\venv\Lib\site-packages\django\utils\decorators.py", line 192, in _view_wrapper
    result = _process_exception(request, e)
  File "C:\Users\admin\OneDrive\Desktop\Hostel Management System\venv\Lib\site-packages\django\utils\decorators.py", line 190, in _view_wrapper
    response = view_func(request, *args, **kwargs)
  File "C:\Users\admin\OneDrive\Desktop\Hostel Management System\venv\Lib\site-packages\django\contrib\admin\options.py", line 2121, in changelist_view
    "selection_note": _("0 of %(cnt)s selected") % {"cnt": len(cl.result_list)},
                                                           ~~~^^^^^^^^^^^^^^^^
  File "C:\Users\admin\OneDrive\Desktop\Hostel Management System\venv\Lib\site-packages\django\db\models\query.py", line 372, in __len__
    self._fetch_all()
    ~~~~~~~~~~~~~~~^^
  File "C:\Users\admin\OneDrive\Desktop\Hostel Management System\venv\Lib\site-packages\django\db\models\query.py", line 2000, in _fetch_all
    self._result_cache = list(self._iterable_class(self))
                         ~~~~^^^^^^^^^^^^^^^^^^^^^^^^^^^^
  File "C:\Users\admin\OneDrive\Desktop\Hostel Management System\venv\Lib\site-packages\django\db\models\query.py", line 95, in __iter__
    results = compiler.execute_sql(
        chunked_fetch=self.chunked_fetch, chunk_size=self.chunk_size
    )
  File "C:\Users\admin\OneDrive\Desktop\Hostel Management System\venv\Lib\site-packages\django\db\models\sql\compiler.py", line 1624, in execute_sql
    cursor.execute(sql, params)
    ~~~~~~~~~~~~~~^^^^^^^^^^^^^
  File "C:\Users\admin\OneDrive\Desktop\Hostel Management System\venv\Lib\site-packages\django\db\backends\utils.py", line 122, in execute
    return super().execute(sql, params)
           ~~~~~~~~~~~~~~~^^^^^^^^^^^^^
  File "C:\Users\admin\OneDrive\Desktop\Hostel Management System\venv\Lib\site-packages\django\db\backends\utils.py", line 79, in execute
    return self._execute_with_wrappers(
           ~~~~~~~~~~~~~~~~~~~~~~~~~~~^
        sql, params, many=False, executor=self._execute
        ^^^^^^^^^^^^^^^^^^^^^^^^^^^^^^^^^^^^^^^^^^^^^^^
    )
    ^
  File "C:\Users\admin\OneDrive\Desktop\Hostel Management System\venv\Lib\site-packages\django\db\backends\utils.py", line 92, in _execute_with_wrappers
    return executor(sql, params, many, context)
  File "C:\Users\admin\OneDrive\Desktop\Hostel Management System\venv\Lib\site-packages\django\db\backends\utils.py", line 100, in _execute
    with self.db.wrap_database_errors:
         ^^^^^^^^^^^^^^^^^^^^^^^^^^^^
  File "C:\Users\admin\OneDrive\Desktop\Hostel Management System\venv\Lib\site-packages\django\db\utils.py", line 94, in __exit__
    raise dj_exc_value.with_traceback(traceback) from exc_value
  File "C:\Users\admin\OneDrive\Desktop\Hostel Management System\venv\Lib\site-packages\django\db\backends\utils.py", line 105, in _execute
    return self.cursor.execute(sql, params)
           ~~~~~~~~~~~~~~~~~~~^^^^^^^^^^^^^
  File "C:\Users\admin\OneDrive\Desktop\Hostel Management System\venv\Lib\site-packages\django\db\backends\sqlite3\base.py", line 359, in execute
    return super().execute(query, params)
           ~~~~~~~~~~~~~~~^^^^^^^^^^^^^^^
django.db.utils.OperationalError: no such column: operations_announcement.target_audience
ERROR 2026-05-20 17:06:18,659 log 37264 39164 "GET /admin/operations/announcement/ HTTP/1.1" 500 187768
INFO 2026-05-20 17:06:22,210 log 37264 39164 "GET /admin/operations/attendance/ HTTP/1.1" 200 21511
INFO 2026-05-20 17:06:28,455 log 37264 39164 "GET /admin/core/room/ HTTP/1.1" 200 21113
INFO 2026-05-20 17:06:28,513 log 37264 39164 "GET /admin/jsi18n/ HTTP/1.1" 200 3342
INFO 2026-05-20 17:06:30,557 log 37264 39164 "GET /admin/core/roomconditionreport/ HTTP/1.1" 200 17596
INFO 2026-05-20 17:06:30,623 log 37264 39164 "GET /admin/jsi18n/ HTTP/1.1" 200 3342
INFO 2026-05-20 17:06:32,229 log 37264 39164 "GET /admin/core/roomallocation/ HTTP/1.1" 200 19698
INFO 2026-05-20 17:06:32,293 log 37264 39164 "GET /admin/jsi18n/ HTTP/1.1" 200 3342
INFO 2026-05-20 17:06:32,304 log 37264 29232 "GET /static/admin/img/icon-yes.svg HTTP/1.1" 200 558
INFO 2026-05-20 17:06:35,035 log 37264 29232 "GET /admin/auth/group/ HTTP/1.1" 200 15876
INFO 2026-05-20 17:06:35,096 log 37264 29232 "GET /admin/jsi18n/ HTTP/1.1" 200 3342
INFO 2026-05-20 17:06:36,660 log 37264 29232 "GET /admin/accounts/wardenprofile/ HTTP/1.1" 200 19585
INFO 2026-05-20 17:06:36,726 log 37264 29232 "GET /admin/jsi18n/ HTTP/1.1" 200 3342
INFO 2026-05-20 17:06:39,319 log 37264 29232 "GET /admin/accounts/studentprofile/ HTTP/1.1" 200 20915
INFO 2026-05-20 17:06:39,409 log 37264 29232 "GET /admin/jsi18n/ HTTP/1.1" 200 3342
INFO 2026-05-20 17:06:44,891 log 37264 29232 "GET /admin/accounts/studentprofile/3/change/ HTTP/1.1" 200 33317
INFO 2026-05-20 17:06:44,962 log 37264 29232 "GET /static/admin/css/forms.css HTTP/1.1" 200 8831
INFO 2026-05-20 17:06:44,968 log 37264 39164 "GET /admin/jsi18n/ HTTP/1.1" 200 3342
INFO 2026-05-20 17:06:45,022 log 37264 9872 "GET /static/admin/js/prepopulate_init.js HTTP/1.1" 200 586
INFO 2026-05-20 17:06:45,033 log 37264 25568 "GET /static/admin/js/calendar.js HTTP/1.1" 200 9159
INFO 2026-05-20 17:06:45,034 log 37264 22152 "GET /static/admin/js/admin/DateTimeShortcuts.js HTTP/1.1" 200 19698
INFO 2026-05-20 17:06:45,050 log 37264 29232 "GET /static/admin/css/widgets.css HTTP/1.1" 200 11811
INFO 2026-05-20 17:06:45,142 log 37264 25568 "GET /static/admin/js/change_form.js HTTP/1.1" 200 606
INFO 2026-05-20 17:06:45,201 log 37264 25568 "GET /static/admin/img/icon-calendar.svg HTTP/1.1" 200 1112
INFO 2026-05-20 17:06:53,676 log 37264 25568 "POST /admin/accounts/studentprofile/3/change/ HTTP/1.1" 302 0
INFO 2026-05-20 17:06:53,747 log 37264 25568 "GET /admin/accounts/studentprofile/ HTTP/1.1" 200 21151
INFO 2026-05-20 17:06:53,815 log 37264 25568 "GET /admin/jsi18n/ HTTP/1.1" 200 3342
INFO 2026-05-20 17:06:57,773 log 37264 25568 "GET /admin/accounts/customuser/ HTTP/1.1" 200 24031
INFO 2026-05-20 17:06:57,841 log 37264 25568 "GET /admin/jsi18n/ HTTP/1.1" 200 3342
INFO 2026-05-20 17:06:57,867 log 37264 29232 "GET /static/admin/img/icon-no.svg HTTP/1.1" 200 645
INFO 2026-05-20 17:07:04,336 log 37264 29232 "GET /admin/accounts/customuser/5/change/ HTTP/1.1" 200 37321
INFO 2026-05-20 17:07:04,421 log 37264 29232 "GET /admin/jsi18n/ HTTP/1.1" 200 3342
INFO 2026-05-20 17:07:04,498 log 37264 22152 "GET /static/admin/js/SelectFilter2.js HTTP/1.1" 200 16428
INFO 2026-05-20 17:07:04,506 log 37264 25568 "GET /static/admin/js/SelectBox.js HTTP/1.1" 200 4530
INFO 2026-05-20 17:07:04,607 log 37264 25568 "GET /static/admin/img/selector-icons.svg HTTP/1.1" 200 2387
INFO 2026-05-20 17:07:04,607 log 37264 22152 "GET /static/admin/img/icon-clock.svg HTTP/1.1" 200 805
INFO 2026-05-20 17:07:16,923 log 37264 22152 "POST /admin/accounts/customuser/5/change/ HTTP/1.1" 302 0
INFO 2026-05-20 17:07:16,994 log 37264 22152 "GET /admin/accounts/customuser/ HTTP/1.1" 200 24261
INFO 2026-05-20 17:07:17,049 log 37264 22152 "GET /admin/jsi18n/ HTTP/1.1" 200 3342
INFO 2026-05-20 17:07:20,466 log 37264 22152 "GET /admin/ HTTP/1.1" 200 20214
INFO 2026-05-20 17:07:26,483 log 37264 22152 "GET /login/ HTTP/1.1" 302 0
INFO 2026-05-20 17:07:26,498 log 37264 22152 "GET / HTTP/1.1" 302 0
INFO 2026-05-20 17:07:26,538 log 37264 22152 "GET /admin/ HTTP/1.1" 200 20214
INFO 2026-05-20 17:07:32,458 log 37264 22152 "GET / HTTP/1.1" 302 0
INFO 2026-05-20 17:07:32,504 log 37264 22152 "GET /admin/ HTTP/1.1" 200 20214
INFO 2026-05-20 17:07:39,253 log 37264 22152 "GET / HTTP/1.1" 302 0
INFO 2026-05-20 17:07:39,299 log 37264 22152 "GET /admin/ HTTP/1.1" 200 20214
INFO 2026-05-20 17:07:46,247 log 37264 22152 "GET / HTTP/1.1" 302 0
INFO 2026-05-20 17:07:46,297 log 37264 22152 "GET /admin/ HTTP/1.1" 200 20214
INFO 2026-05-20 17:07:47,551 log 37264 22152 "GET / HTTP/1.1" 302 0
INFO 2026-05-20 17:07:47,598 log 37264 22152 "GET /admin/ HTTP/1.1" 200 20214
WARNING 2026-05-20 17:07:47,866 log 37264 22152 Not Found: /favicon.ico
WARNING 2026-05-20 17:07:47,869 log 37264 22152 "GET /favicon.ico HTTP/1.1" 404 9661
INFO 2026-05-20 17:07:53,694 log 37264 22152 "POST /admin/logout/ HTTP/1.1" 200 3475
INFO 2026-05-20 17:07:55,735 log 37264 22152 "GET /admin/ HTTP/1.1" 302 0
INFO 2026-05-20 17:07:55,809 log 37264 22152 "GET /admin/login/?next=/admin/ HTTP/1.1" 200 4080
INFO 2026-05-20 17:07:55,867 log 37264 22152 "GET /static/admin/css/login.css HTTP/1.1" 200 951
INFO 2026-05-20 17:08:10,989 log 37264 22152 "GET / HTTP/1.1" 302 0
INFO 2026-05-20 17:08:11,000 log 37264 22152 "GET /login/?next=/ HTTP/1.1" 200 13104
INFO 2026-05-20 17:08:11,941 log 37264 22152 "GET /login/ HTTP/1.1" 200 13104
INFO 2026-05-20 17:08:25,191 log 37264 22152 "POST /login/ HTTP/1.1" 200 13833
INFO 2026-05-20 17:08:45,975 log 37264 22152 "POST /login/ HTTP/1.1" 302 0
INFO 2026-05-20 17:08:46,002 log 37264 22152 "GET / HTTP/1.1" 302 0
INFO 2026-05-20 17:08:46,077 log 37264 22152 "GET /student/ HTTP/1.1" 200 18242
INFO 2026-05-20 17:08:57,644 log 37264 22152 "GET /student/ HTTP/1.1" 200 17862
INFO 2026-05-20 17:09:08,615 log 37264 22152 "GET /leave/requests/ HTTP/1.1" 200 12554
INFO 2026-05-20 17:09:10,952 log 37264 22152 "GET /complaints/ HTTP/1.1" 200 18449
INFO 2026-05-20 17:09:13,546 log 37264 22152 "GET /fees/ HTTP/1.1" 200 15106
INFO 2026-05-20 17:09:14,958 log 37264 22152 "GET /leave/requests/ HTTP/1.1" 200 12554
ERROR 2026-05-20 17:09:15,992 log 37264 22152 Internal Server Error: /notifications/
Traceback (most recent call last):
  File "C:\Users\admin\OneDrive\Desktop\Hostel Management System\venv\Lib\site-packages\django\db\backends\utils.py", line 105, in _execute
    return self.cursor.execute(sql, params)
           ~~~~~~~~~~~~~~~~~~~^^^^^^^^^^^^^
  File "C:\Users\admin\OneDrive\Desktop\Hostel Management System\venv\Lib\site-packages\django\db\backends\sqlite3\base.py", line 359, in execute
    return super().execute(query, params)
           ~~~~~~~~~~~~~~~^^^^^^^^^^^^^^^
sqlite3.OperationalError: no such table: operations_notification

The above exception was the direct cause of the following exception:

Traceback (most recent call last):
  File "C:\Users\admin\OneDrive\Desktop\Hostel Management System\venv\Lib\site-packages\django\core\handlers\exception.py", line 55, in inner
    response = get_response(request)
  File "C:\Users\admin\OneDrive\Desktop\Hostel Management System\venv\Lib\site-packages\django\core\handlers\base.py", line 198, in _get_response
    response = wrapped_callback(request, *callback_args, **callback_kwargs)
  File "C:\Users\admin\OneDrive\Desktop\Hostel Management System\venv\Lib\site-packages\django\contrib\auth\decorators.py", line 59, in _view_wrapper
    return view_func(request, *args, **kwargs)
  File "C:\Users\admin\OneDrive\Desktop\Hostel Management System\venv\Lib\site-packages\django\contrib\auth\decorators.py", line 59, in _view_wrapper
    return view_func(request, *args, **kwargs)
  File "C:\Users\admin\OneDrive\Desktop\Hostel Management System\hostel_management\accounts\views.py", line 542, in notifications_view
    unread_count = notifications.filter(is_read=False).count()
  File "C:\Users\admin\OneDrive\Desktop\Hostel Management System\venv\Lib\site-packages\django\db\models\query.py", line 610, in count
    return self.query.get_count(using=self.db)
           ~~~~~~~~~~~~~~~~~~~~^^^^^^^^^^^^^^^
  File "C:\Users\admin\OneDrive\Desktop\Hostel Management System\venv\Lib\site-packages\django\db\models\sql\query.py", line 656, in get_count
    return obj.get_aggregation(using, {"__count": Count("*")})["__count"]
           ~~~~~~~~~~~~~~~~~~~^^^^^^^^^^^^^^^^^^^^^^^^^^^^^^^^
  File "C:\Users\admin\OneDrive\Desktop\Hostel Management System\venv\Lib\site-packages\django\db\models\sql\query.py", line 638, in get_aggregation
    result = compiler.execute_sql(SINGLE)
  File "C:\Users\admin\OneDrive\Desktop\Hostel Management System\venv\Lib\site-packages\django\db\models\sql\compiler.py", line 1624, in execute_sql
    cursor.execute(sql, params)
    ~~~~~~~~~~~~~~^^^^^^^^^^^^^
  File "C:\Users\admin\OneDrive\Desktop\Hostel Management System\venv\Lib\site-packages\django\db\backends\utils.py", line 122, in execute
    return super().execute(sql, params)
           ~~~~~~~~~~~~~~~^^^^^^^^^^^^^
  File "C:\Users\admin\OneDrive\Desktop\Hostel Management System\venv\Lib\site-packages\django\db\backends\utils.py", line 79, in execute
    return self._execute_with_wrappers(
           ~~~~~~~~~~~~~~~~~~~~~~~~~~~^
        sql, params, many=False, executor=self._execute
        ^^^^^^^^^^^^^^^^^^^^^^^^^^^^^^^^^^^^^^^^^^^^^^^
    )
    ^
  File "C:\Users\admin\OneDrive\Desktop\Hostel Management System\venv\Lib\site-packages\django\db\backends\utils.py", line 92, in _execute_with_wrappers
    return executor(sql, params, many, context)
  File "C:\Users\admin\OneDrive\Desktop\Hostel Management System\venv\Lib\site-packages\django\db\backends\utils.py", line 100, in _execute
    with self.db.wrap_database_errors:
         ^^^^^^^^^^^^^^^^^^^^^^^^^^^^
  File "C:\Users\admin\OneDrive\Desktop\Hostel Management System\venv\Lib\site-packages\django\db\utils.py", line 94, in __exit__
    raise dj_exc_value.with_traceback(traceback) from exc_value
  File "C:\Users\admin\OneDrive\Desktop\Hostel Management System\venv\Lib\site-packages\django\db\backends\utils.py", line 105, in _execute
    return self.cursor.execute(sql, params)
           ~~~~~~~~~~~~~~~~~~~^^^^^^^^^^^^^
  File "C:\Users\admin\OneDrive\Desktop\Hostel Management System\venv\Lib\site-packages\django\db\backends\sqlite3\base.py", line 359, in execute
    return super().execute(query, params)
           ~~~~~~~~~~~~~~~^^^^^^^^^^^^^^^
django.db.utils.OperationalError: no such table: operations_notification
ERROR 2026-05-20 17:09:16,098 log 37264 22152 "GET /notifications/ HTTP/1.1" 500 148364
INFO 2026-05-20 17:13:19,177 autoreload 5876 27060 Watching for file changes with StatReloader
INFO 2026-05-20 17:13:24,427 log 5876 8704 "GET / HTTP/1.1" 302 0
INFO 2026-05-20 17:13:24,450 log 5876 8704 "GET /login/?next=/ HTTP/1.1" 200 13104
INFO 2026-05-20 17:13:51,233 log 5876 8704 "POST /login/?next=/ HTTP/1.1" 302 0
INFO 2026-05-20 17:13:51,246 log 5876 8704 "GET / HTTP/1.1" 302 0
ERROR 2026-05-20 17:13:51,542 log 5876 8704 Internal Server Error: /warden/
Traceback (most recent call last):
  File "C:\Users\admin\OneDrive\Desktop\Hostel Management System\venv\Lib\site-packages\django\core\handlers\exception.py", line 55, in inner
    response = get_response(request)
  File "C:\Users\admin\OneDrive\Desktop\Hostel Management System\venv\Lib\site-packages\django\core\handlers\base.py", line 198, in _get_response
    response = wrapped_callback(request, *callback_args, **callback_kwargs)
  File "C:\Users\admin\OneDrive\Desktop\Hostel Management System\venv\Lib\site-packages\django\contrib\auth\decorators.py", line 59, in _view_wrapper
    return view_func(request, *args, **kwargs)
  File "C:\Users\admin\OneDrive\Desktop\Hostel Management System\venv\Lib\site-packages\django\contrib\auth\decorators.py", line 59, in _view_wrapper
    return view_func(request, *args, **kwargs)
  File "C:\Users\admin\OneDrive\Desktop\Hostel Management System\venv\Lib\site-packages\django\contrib\auth\decorators.py", line 59, in _view_wrapper
    return view_func(request, *args, **kwargs)
  File "C:\Users\admin\OneDrive\Desktop\Hostel Management System\hostel_management\accounts\views.py", line 262, in warden_dashboard
    return render(request, 'warden_dashboard.html', context)
  File "C:\Users\admin\OneDrive\Desktop\Hostel Management System\venv\Lib\site-packages\django\shortcuts.py", line 25, in render
    content = loader.render_to_string(template_name, context, request, using=using)
  File "C:\Users\admin\OneDrive\Desktop\Hostel Management System\venv\Lib\site-packages\django\template\loader.py", line 62, in render_to_string
    return template.render(context, request)
           ~~~~~~~~~~~~~~~^^^^^^^^^^^^^^^^^^
  File "C:\Users\admin\OneDrive\Desktop\Hostel Management System\venv\Lib\site-packages\django\template\backends\django.py", line 107, in render
    return self.template.render(context)
           ~~~~~~~~~~~~~~~~~~~~^^^^^^^^^
  File "C:\Users\admin\OneDrive\Desktop\Hostel Management System\venv\Lib\site-packages\django\template\base.py", line 174, in render
    return self._render(context)
           ~~~~~~~~~~~~^^^^^^^^^
  File "C:\Users\admin\OneDrive\Desktop\Hostel Management System\venv\Lib\site-packages\django\template\base.py", line 166, in _render
    return self.nodelist.render(context)
           ~~~~~~~~~~~~~~~~~~~~^^^^^^^^^
  File "C:\Users\admin\OneDrive\Desktop\Hostel Management System\venv\Lib\site-packages\django\template\base.py", line 1091, in render
    return SafeString("".join([node.render_annotated(context) for node in self]))
                               ~~~~~~~~~~~~~~~~~~~~~^^^^^^^^^
  File "C:\Users\admin\OneDrive\Desktop\Hostel Management System\venv\Lib\site-packages\django\template\base.py", line 1052, in render_annotated
    return self.render(context)
           ~~~~~~~~~~~^^^^^^^^^
  File "C:\Users\admin\OneDrive\Desktop\Hostel Management System\venv\Lib\site-packages\django\template\loader_tags.py", line 160, in render
    return compiled_parent._render(context)
           ~~~~~~~~~~~~~~~~~~~~~~~^^^^^^^^^
  File "C:\Users\admin\OneDrive\Desktop\Hostel Management System\venv\Lib\site-packages\django\template\base.py", line 166, in _render
    return self.nodelist.render(context)
           ~~~~~~~~~~~~~~~~~~~~^^^^^^^^^
  File "C:\Users\admin\OneDrive\Desktop\Hostel Management System\venv\Lib\site-packages\django\template\base.py", line 1091, in render
    return SafeString("".join([node.render_annotated(context) for node in self]))
                               ~~~~~~~~~~~~~~~~~~~~~^^^^^^^^^
  File "C:\Users\admin\OneDrive\Desktop\Hostel Management System\venv\Lib\site-packages\django\template\base.py", line 1052, in render_annotated
    return self.render(context)
           ~~~~~~~~~~~^^^^^^^^^
  File "C:\Users\admin\OneDrive\Desktop\Hostel Management System\venv\Lib\site-packages\django\template\loader_tags.py", line 66, in render
    result = block.nodelist.render(context)
  File "C:\Users\admin\OneDrive\Desktop\Hostel Management System\venv\Lib\site-packages\django\template\base.py", line 1091, in render
    return SafeString("".join([node.render_annotated(context) for node in self]))
                               ~~~~~~~~~~~~~~~~~~~~~^^^^^^^^^
  File "C:\Users\admin\OneDrive\Desktop\Hostel Management System\venv\Lib\site-packages\django\template\base.py", line 1052, in render_annotated
    return self.render(context)
           ~~~~~~~~~~~^^^^^^^^^
  File "C:\Users\admin\OneDrive\Desktop\Hostel Management System\venv\Lib\site-packages\django\template\defaulttags.py", line 511, in render
    url = reverse(view_name, args=args, kwargs=kwargs, current_app=current_app)
  File "C:\Users\admin\OneDrive\Desktop\Hostel Management System\venv\Lib\site-packages\django\urls\base.py", line 98, in reverse
    resolved_url = resolver._reverse_with_prefix(view, prefix, *args, **kwargs)
  File "C:\Users\admin\OneDrive\Desktop\Hostel Management System\venv\Lib\site-packages\django\urls\resolvers.py", line 842, in _reverse_with_prefix
    raise NoReverseMatch(msg)
django.urls.exceptions.NoReverseMatch: Reverse for 'complaints' not found. 'complaints' is not a valid view function or pattern name.
ERROR 2026-05-20 17:13:51,559 log 5876 8704 "GET /warden/ HTTP/1.1" 500 181682
INFO 2026-05-20 17:13:58,644 log 5876 8704 "GET /login/?next=/ HTTP/1.1" 302 0
INFO 2026-05-20 17:13:58,652 log 5876 8704 "GET / HTTP/1.1" 302 0
ERROR 2026-05-20 17:13:58,714 log 5876 8704 Internal Server Error: /warden/
Traceback (most recent call last):
  File "C:\Users\admin\OneDrive\Desktop\Hostel Management System\venv\Lib\site-packages\django\core\handlers\exception.py", line 55, in inner
    response = get_response(request)
  File "C:\Users\admin\OneDrive\Desktop\Hostel Management System\venv\Lib\site-packages\django\core\handlers\base.py", line 198, in _get_response
    response = wrapped_callback(request, *callback_args, **callback_kwargs)
  File "C:\Users\admin\OneDrive\Desktop\Hostel Management System\venv\Lib\site-packages\django\contrib\auth\decorators.py", line 59, in _view_wrapper
    return view_func(request, *args, **kwargs)
  File "C:\Users\admin\OneDrive\Desktop\Hostel Management System\venv\Lib\site-packages\django\contrib\auth\decorators.py", line 59, in _view_wrapper
    return view_func(request, *args, **kwargs)
  File "C:\Users\admin\OneDrive\Desktop\Hostel Management System\venv\Lib\site-packages\django\contrib\auth\decorators.py", line 59, in _view_wrapper
    return view_func(request, *args, **kwargs)
  File "C:\Users\admin\OneDrive\Desktop\Hostel Management System\hostel_management\accounts\views.py", line 262, in warden_dashboard
    return render(request, 'warden_dashboard.html', context)
  File "C:\Users\admin\OneDrive\Desktop\Hostel Management System\venv\Lib\site-packages\django\shortcuts.py", line 25, in render
    content = loader.render_to_string(template_name, context, request, using=using)
  File "C:\Users\admin\OneDrive\Desktop\Hostel Management System\venv\Lib\site-packages\django\template\loader.py", line 62, in render_to_string
    return template.render(context, request)
           ~~~~~~~~~~~~~~~^^^^^^^^^^^^^^^^^^
  File "C:\Users\admin\OneDrive\Desktop\Hostel Management System\venv\Lib\site-packages\django\template\backends\django.py", line 107, in render
    return self.template.render(context)
           ~~~~~~~~~~~~~~~~~~~~^^^^^^^^^
  File "C:\Users\admin\OneDrive\Desktop\Hostel Management System\venv\Lib\site-packages\django\template\base.py", line 174, in render
    return self._render(context)
           ~~~~~~~~~~~~^^^^^^^^^
  File "C:\Users\admin\OneDrive\Desktop\Hostel Management System\venv\Lib\site-packages\django\template\base.py", line 166, in _render
    return self.nodelist.render(context)
           ~~~~~~~~~~~~~~~~~~~~^^^^^^^^^
  File "C:\Users\admin\OneDrive\Desktop\Hostel Management System\venv\Lib\site-packages\django\template\base.py", line 1091, in render
    return SafeString("".join([node.render_annotated(context) for node in self]))
                               ~~~~~~~~~~~~~~~~~~~~~^^^^^^^^^
  File "C:\Users\admin\OneDrive\Desktop\Hostel Management System\venv\Lib\site-packages\django\template\base.py", line 1052, in render_annotated
    return self.render(context)
           ~~~~~~~~~~~^^^^^^^^^
  File "C:\Users\admin\OneDrive\Desktop\Hostel Management System\venv\Lib\site-packages\django\template\loader_tags.py", line 160, in render
    return compiled_parent._render(context)
           ~~~~~~~~~~~~~~~~~~~~~~~^^^^^^^^^
  File "C:\Users\admin\OneDrive\Desktop\Hostel Management System\venv\Lib\site-packages\django\template\base.py", line 166, in _render
    return self.nodelist.render(context)
           ~~~~~~~~~~~~~~~~~~~~^^^^^^^^^
  File "C:\Users\admin\OneDrive\Desktop\Hostel Management System\venv\Lib\site-packages\django\template\base.py", line 1091, in render
    return SafeString("".join([node.render_annotated(context) for node in self]))
                               ~~~~~~~~~~~~~~~~~~~~~^^^^^^^^^
  File "C:\Users\admin\OneDrive\Desktop\Hostel Management System\venv\Lib\site-packages\django\template\base.py", line 1052, in render_annotated
    return self.render(context)
           ~~~~~~~~~~~^^^^^^^^^
  File "C:\Users\admin\OneDrive\Desktop\Hostel Management System\venv\Lib\site-packages\django\template\loader_tags.py", line 66, in render
    result = block.nodelist.render(context)
  File "C:\Users\admin\OneDrive\Desktop\Hostel Management System\venv\Lib\site-packages\django\template\base.py", line 1091, in render
    return SafeString("".join([node.render_annotated(context) for node in self]))
                               ~~~~~~~~~~~~~~~~~~~~~^^^^^^^^^
  File "C:\Users\admin\OneDrive\Desktop\Hostel Management System\venv\Lib\site-packages\django\template\base.py", line 1052, in render_annotated
    return self.render(context)
           ~~~~~~~~~~~^^^^^^^^^
  File "C:\Users\admin\OneDrive\Desktop\Hostel Management System\venv\Lib\site-packages\django\template\defaulttags.py", line 511, in render
    url = reverse(view_name, args=args, kwargs=kwargs, current_app=current_app)
  File "C:\Users\admin\OneDrive\Desktop\Hostel Management System\venv\Lib\site-packages\django\urls\base.py", line 98, in reverse
    resolved_url = resolver._reverse_with_prefix(view, prefix, *args, **kwargs)
  File "C:\Users\admin\OneDrive\Desktop\Hostel Management System\venv\Lib\site-packages\django\urls\resolvers.py", line 842, in _reverse_with_prefix
    raise NoReverseMatch(msg)
django.urls.exceptions.NoReverseMatch: Reverse for 'complaints' not found. 'complaints' is not a valid view function or pattern name.
ERROR 2026-05-20 17:13:58,722 log 5876 8704 "GET /warden/ HTTP/1.1" 500 181135
ERROR 2026-05-20 17:14:00,540 log 5876 8704 Internal Server Error: /warden/
Traceback (most recent call last):
  File "C:\Users\admin\OneDrive\Desktop\Hostel Management System\venv\Lib\site-packages\django\core\handlers\exception.py", line 55, in inner
    response = get_response(request)
  File "C:\Users\admin\OneDrive\Desktop\Hostel Management System\venv\Lib\site-packages\django\core\handlers\base.py", line 198, in _get_response
    response = wrapped_callback(request, *callback_args, **callback_kwargs)
  File "C:\Users\admin\OneDrive\Desktop\Hostel Management System\venv\Lib\site-packages\django\contrib\auth\decorators.py", line 59, in _view_wrapper
    return view_func(request, *args, **kwargs)
  File "C:\Users\admin\OneDrive\Desktop\Hostel Management System\venv\Lib\site-packages\django\contrib\auth\decorators.py", line 59, in _view_wrapper
    return view_func(request, *args, **kwargs)
  File "C:\Users\admin\OneDrive\Desktop\Hostel Management System\venv\Lib\site-packages\django\contrib\auth\decorators.py", line 59, in _view_wrapper
    return view_func(request, *args, **kwargs)
  File "C:\Users\admin\OneDrive\Desktop\Hostel Management System\hostel_management\accounts\views.py", line 262, in warden_dashboard
    return render(request, 'warden_dashboard.html', context)
  File "C:\Users\admin\OneDrive\Desktop\Hostel Management System\venv\Lib\site-packages\django\shortcuts.py", line 25, in render
    content = loader.render_to_string(template_name, context, request, using=using)
  File "C:\Users\admin\OneDrive\Desktop\Hostel Management System\venv\Lib\site-packages\django\template\loader.py", line 62, in render_to_string
    return template.render(context, request)
           ~~~~~~~~~~~~~~~^^^^^^^^^^^^^^^^^^
  File "C:\Users\admin\OneDrive\Desktop\Hostel Management System\venv\Lib\site-packages\django\template\backends\django.py", line 107, in render
    return self.template.render(context)
           ~~~~~~~~~~~~~~~~~~~~^^^^^^^^^
  File "C:\Users\admin\OneDrive\Desktop\Hostel Management System\venv\Lib\site-packages\django\template\base.py", line 174, in render
    return self._render(context)
           ~~~~~~~~~~~~^^^^^^^^^
  File "C:\Users\admin\OneDrive\Desktop\Hostel Management System\venv\Lib\site-packages\django\template\base.py", line 166, in _render
    return self.nodelist.render(context)
           ~~~~~~~~~~~~~~~~~~~~^^^^^^^^^
  File "C:\Users\admin\OneDrive\Desktop\Hostel Management System\venv\Lib\site-packages\django\template\base.py", line 1091, in render
    return SafeString("".join([node.render_annotated(context) for node in self]))
                               ~~~~~~~~~~~~~~~~~~~~~^^^^^^^^^
  File "C:\Users\admin\OneDrive\Desktop\Hostel Management System\venv\Lib\site-packages\django\template\base.py", line 1052, in render_annotated
    return self.render(context)
           ~~~~~~~~~~~^^^^^^^^^
  File "C:\Users\admin\OneDrive\Desktop\Hostel Management System\venv\Lib\site-packages\django\template\loader_tags.py", line 160, in render
    return compiled_parent._render(context)
           ~~~~~~~~~~~~~~~~~~~~~~~^^^^^^^^^
  File "C:\Users\admin\OneDrive\Desktop\Hostel Management System\venv\Lib\site-packages\django\template\base.py", line 166, in _render
    return self.nodelist.render(context)
           ~~~~~~~~~~~~~~~~~~~~^^^^^^^^^
  File "C:\Users\admin\OneDrive\Desktop\Hostel Management System\venv\Lib\site-packages\django\template\base.py", line 1091, in render
    return SafeString("".join([node.render_annotated(context) for node in self]))
                               ~~~~~~~~~~~~~~~~~~~~~^^^^^^^^^
  File "C:\Users\admin\OneDrive\Desktop\Hostel Management System\venv\Lib\site-packages\django\template\base.py", line 1052, in render_annotated
    return self.render(context)
           ~~~~~~~~~~~^^^^^^^^^
  File "C:\Users\admin\OneDrive\Desktop\Hostel Management System\venv\Lib\site-packages\django\template\loader_tags.py", line 66, in render
    result = block.nodelist.render(context)
  File "C:\Users\admin\OneDrive\Desktop\Hostel Management System\venv\Lib\site-packages\django\template\base.py", line 1091, in render
    return SafeString("".join([node.render_annotated(context) for node in self]))
                               ~~~~~~~~~~~~~~~~~~~~~^^^^^^^^^
  File "C:\Users\admin\OneDrive\Desktop\Hostel Management System\venv\Lib\site-packages\django\template\base.py", line 1052, in render_annotated
    return self.render(context)
           ~~~~~~~~~~~^^^^^^^^^
  File "C:\Users\admin\OneDrive\Desktop\Hostel Management System\venv\Lib\site-packages\django\template\defaulttags.py", line 511, in render
    url = reverse(view_name, args=args, kwargs=kwargs, current_app=current_app)
  File "C:\Users\admin\OneDrive\Desktop\Hostel Management System\venv\Lib\site-packages\django\urls\base.py", line 98, in reverse
    resolved_url = resolver._reverse_with_prefix(view, prefix, *args, **kwargs)
  File "C:\Users\admin\OneDrive\Desktop\Hostel Management System\venv\Lib\site-packages\django\urls\resolvers.py", line 842, in _reverse_with_prefix
    raise NoReverseMatch(msg)
django.urls.exceptions.NoReverseMatch: Reverse for 'complaints' not found. 'complaints' is not a valid view function or pattern name.
ERROR 2026-05-20 17:14:00,545 log 5876 8704 "GET /warden/ HTTP/1.1" 500 181272
INFO 2026-05-20 17:14:56,852 log 5876 8704 "GET /warden/ HTTP/1.1" 200 21554
INFO 2026-05-20 17:15:10,698 log 5876 8704 "GET /fees/ HTTP/1.1" 302 0
INFO 2026-05-20 17:15:10,707 log 5876 8704 "GET /login/?next=/fees/ HTTP/1.1" 302 0
INFO 2026-05-20 17:15:10,714 log 5876 8704 "GET / HTTP/1.1" 302 0
INFO 2026-05-20 17:15:10,733 log 5876 8704 "GET /warden/ HTTP/1.1" 200 21554
INFO 2026-05-20 17:15:12,108 log 5876 8704 "GET /fees/ HTTP/1.1" 302 0
INFO 2026-05-20 17:15:12,120 log 5876 8704 "GET /login/?next=/fees/ HTTP/1.1" 302 0
INFO 2026-05-20 17:15:12,127 log 5876 8704 "GET / HTTP/1.1" 302 0
INFO 2026-05-20 17:15:12,153 log 5876 8704 "GET /warden/ HTTP/1.1" 200 21554
INFO 2026-05-20 17:15:12,458 log 5876 8704 "GET /fees/ HTTP/1.1" 302 0
INFO 2026-05-20 17:15:12,469 log 5876 8704 "GET /login/?next=/fees/ HTTP/1.1" 302 0
INFO 2026-05-20 17:15:12,478 log 5876 8704 "GET / HTTP/1.1" 302 0
INFO 2026-05-20 17:15:12,495 log 5876 8704 "GET /warden/ HTTP/1.1" 200 21554
INFO 2026-05-20 17:15:12,677 log 5876 8704 "GET /fees/ HTTP/1.1" 302 0
INFO 2026-05-20 17:15:12,687 log 5876 8704 "GET /login/?next=/fees/ HTTP/1.1" 302 0
INFO 2026-05-20 17:15:12,696 log 5876 8704 "GET / HTTP/1.1" 302 0
INFO 2026-05-20 17:15:12,712 log 5876 8704 "GET /warden/ HTTP/1.1" 200 21554
INFO 2026-05-20 17:15:13,462 log 5876 8704 "GET /warden/leave-requests/ HTTP/1.1" 200 12043
INFO 2026-05-20 17:15:17,423 log 5876 8704 "GET /admin/pending-registrations/ HTTP/1.1" 302 0
INFO 2026-05-20 17:15:17,465 log 5876 8704 "GET /admin/login/?next=/admin/pending-registrations/ HTTP/1.1" 200 3637
INFO 2026-05-20 17:15:17,484 log 5876 8704 "GET /static/admin/css/base.css HTTP/1.1" 304 0
INFO 2026-05-20 17:15:17,487 log 5876 38516 "GET /static/admin/css/nav_sidebar.css HTTP/1.1" 304 0
INFO 2026-05-20 17:15:17,488 log 5876 28240 "GET /static/admin/css/dark_mode.css HTTP/1.1" 304 0
INFO 2026-05-20 17:15:17,492 log 5876 22540 "GET /static/admin/js/theme.js HTTP/1.1" 304 0
INFO 2026-05-20 17:15:17,493 log 5876 32880 "GET /static/admin/css/login.css HTTP/1.1" 304 0
INFO 2026-05-20 17:15:17,498 log 5876 39244 "GET /static/admin/css/responsive.css HTTP/1.1" 304 0
INFO 2026-05-20 17:15:17,500 log 5876 32880 "GET /static/admin/js/nav_sidebar.js HTTP/1.1" 304 0
INFO 2026-05-20 17:15:31,333 log 5876 32880 "GET /admin/pending-registrations/ HTTP/1.1" 302 0
INFO 2026-05-20 17:15:31,350 log 5876 32880 "GET /admin/login/?next=/admin/pending-registrations/ HTTP/1.1" 200 3637
INFO 2026-05-20 17:16:15,035 autoreload 5876 27060 C:\Users\admin\OneDrive\Desktop\Hostel Management System\hostel_management\accounts\views.py changed, reloading.
INFO 2026-05-20 17:16:16,286 autoreload 25920 20252 Watching for file changes with StatReloader
INFO 2026-05-20 17:16:19,053 autoreload 25920 20252 C:\Users\admin\OneDrive\Desktop\Hostel Management System\hostel_management\accounts\views.py changed, reloading.
INFO 2026-05-20 17:16:20,261 autoreload 32692 23348 Watching for file changes with StatReloader
INFO 2026-05-20 17:16:22,004 autoreload 32692 23348 C:\Users\admin\OneDrive\Desktop\Hostel Management System\hostel_management\accounts\views.py changed, reloading.
INFO 2026-05-20 17:16:23,244 autoreload 31788 17588 Watching for file changes with StatReloader
INFO 2026-05-20 17:17:01,375 log 31788 35784 "GET /admin/login/?next=/admin/pending-registrations/ HTTP/1.1" 200 3637
INFO 2026-05-20 17:17:11,498 log 31788 35784 "GET /admin/pending-registrations/ HTTP/1.1" 302 0
INFO 2026-05-20 17:17:11,511 log 31788 35784 "GET /admin/login/?next=/admin/pending-registrations/ HTTP/1.1" 200 3637
INFO 2026-05-20 17:17:14,764 log 31788 35784 "GET /admin/pending-registrations/ HTTP/1.1" 302 0
INFO 2026-05-20 17:17:14,780 log 31788 35784 "GET /admin/login/?next=/admin/pending-registrations/ HTTP/1.1" 200 3637
INFO 2026-05-20 17:17:33,545 log 31788 35784 "POST /admin/login/?next=/admin/pending-registrations/ HTTP/1.1" 200 3804
INFO 2026-05-20 17:17:52,138 log 31788 35784 "POST /admin/login/?next=/admin/pending-registrations/ HTTP/1.1" 302 0
WARNING 2026-05-20 17:17:52,157 log 31788 35784 Not Found: /admin/pending-registrations/
WARNING 2026-05-20 17:17:52,158 log 31788 35784 "GET /admin/pending-registrations/ HTTP/1.1" 404 9153
WARNING 2026-05-20 17:17:58,942 log 31788 35784 Not Found: /admin/pending-registrations/
WARNING 2026-05-20 17:17:58,944 log 31788 35784 "GET /admin/pending-registrations/ HTTP/1.1" 404 9153
WARNING 2026-05-20 17:17:59,500 log 31788 35784 Not Found: /admin/pending-registrations/
WARNING 2026-05-20 17:17:59,501 log 31788 35784 "GET /admin/pending-registrations/ HTTP/1.1" 404 9153
WARNING 2026-05-20 17:17:59,715 log 31788 35784 Not Found: /admin/pending-registrations/
WARNING 2026-05-20 17:17:59,716 log 31788 35784 "GET /admin/pending-registrations/ HTTP/1.1" 404 9153
WARNING 2026-05-20 17:17:59,905 log 31788 35784 Not Found: /admin/pending-registrations/
WARNING 2026-05-20 17:17:59,906 log 31788 35784 "GET /admin/pending-registrations/ HTTP/1.1" 404 9153
WARNING 2026-05-20 17:18:00,084 log 31788 35784 Not Found: /admin/pending-registrations/
WARNING 2026-05-20 17:18:00,085 log 31788 35784 "GET /admin/pending-registrations/ HTTP/1.1" 404 9153
INFO 2026-05-20 17:18:01,115 log 31788 35784 "GET /admin/login/?next=/admin/pending-registrations/ HTTP/1.1" 302 0
INFO 2026-05-20 17:18:01,161 log 31788 35784 "GET /admin/ HTTP/1.1" 200 20214
INFO 2026-05-20 17:18:04,240 log 31788 35784 "GET /admin/accounts/customuser/5/change/ HTTP/1.1" 200 37371
INFO 2026-05-20 17:18:04,289 log 31788 29668 "GET /static/admin/css/forms.css HTTP/1.1" 304 0
INFO 2026-05-20 17:18:04,303 log 31788 29668 "GET /static/admin/js/core.js HTTP/1.1" 304 0
INFO 2026-05-20 17:18:04,303 log 31788 22784 "GET /admin/jsi18n/ HTTP/1.1" 200 3342
INFO 2026-05-20 17:18:04,303 log 31788 29968 "GET /static/admin/js/vendor/jquery/jquery.js HTTP/1.1" 304 0
INFO 2026-05-20 17:18:04,306 log 31788 37540 "GET /static/admin/js/jquery.init.js HTTP/1.1" 304 0
INFO 2026-05-20 17:18:04,312 log 31788 29668 "GET /static/admin/css/widgets.css HTTP/1.1" 304 0
INFO 2026-05-20 17:18:04,318 log 31788 22784 "GET /static/admin/js/SelectBox.js HTTP/1.1" 304 0
INFO 2026-05-20 17:18:04,318 log 31788 29968 "GET /static/admin/js/admin/RelatedObjectLookups.js HTTP/1.1" 304 0
INFO 2026-05-20 17:18:04,328 log 31788 37540 "GET /static/admin/js/actions.js HTTP/1.1" 304 0
INFO 2026-05-20 17:18:04,337 log 31788 29668 "GET /static/admin/js/SelectFilter2.js HTTP/1.1" 304 0
INFO 2026-05-20 17:18:04,343 log 31788 22784 "GET /static/admin/js/urlify.js HTTP/1.1" 304 0
INFO 2026-05-20 17:18:04,345 log 31788 37540 "GET /static/admin/js/vendor/xregexp/xregexp.js HTTP/1.1" 304 0
INFO 2026-05-20 17:18:04,346 log 31788 29968 "GET /static/admin/js/prepopulate.js HTTP/1.1" 304 0
INFO 2026-05-20 17:18:04,371 log 31788 29968 "GET /static/admin/js/prepopulate_init.js HTTP/1.1" 304 0
INFO 2026-05-20 17:18:04,403 log 31788 35784 "GET /static/admin/js/calendar.js HTTP/1.1" 200 9159
INFO 2026-05-20 17:18:04,414 log 31788 35784 "GET /static/admin/img/icon-addlink.svg HTTP/1.1" 304 0
INFO 2026-05-20 17:18:04,423 log 31788 35784 "GET /static/admin/js/change_form.js HTTP/1.1" 304 0
INFO 2026-05-20 17:18:04,435 log 31788 13112 "GET /static/admin/js/admin/DateTimeShortcuts.js HTTP/1.1" 200 19698
INFO 2026-05-20 17:18:04,531 log 31788 29968 "GET /static/admin/img/selector-icons.svg HTTP/1.1" 304 0
INFO 2026-05-20 17:18:04,533 log 31788 35784 "GET /static/admin/img/icon-calendar.svg HTTP/1.1" 200 1112
INFO 2026-05-20 17:18:04,533 log 31788 13112 "GET /static/admin/img/search.svg HTTP/1.1" 304 0
INFO 2026-05-20 17:18:04,535 log 31788 37540 "GET /static/admin/img/icon-clock.svg HTTP/1.1" 200 805
INFO 2026-05-20 17:19:37,068 log 31788 37540 "POST /admin/accounts/customuser/5/change/ HTTP/1.1" 302 0
INFO 2026-05-20 17:19:37,116 log 31788 37540 "GET /admin/accounts/customuser/ HTTP/1.1" 200 24284
INFO 2026-05-20 17:19:37,142 log 31788 37540 "GET /static/admin/css/changelists.css HTTP/1.1" 304 0
INFO 2026-05-20 17:19:37,143 log 31788 29968 "GET /static/admin/img/icon-no.svg HTTP/1.1" 304 0
INFO 2026-05-20 17:19:37,146 log 31788 13112 "GET /static/admin/img/icon-yes.svg HTTP/1.1" 304 0
INFO 2026-05-20 17:19:37,152 log 31788 35784 "GET /admin/jsi18n/ HTTP/1.1" 200 3342
INFO 2026-05-20 17:19:37,154 log 31788 13112 "GET /static/admin/js/filters.js HTTP/1.1" 304 0
INFO 2026-05-20 17:19:37,200 log 31788 35784 "GET /static/admin/img/tooltag-add.svg HTTP/1.1" 304 0
INFO 2026-05-20 17:19:37,200 log 31788 37540 "GET /static/admin/img/sorting-icons.svg HTTP/1.1" 304 0
INFO 2026-05-20 17:19:37,200 log 31788 29968 "GET /static/admin/img/icon-viewlink.svg HTTP/1.1" 304 0
INFO 2026-05-20 17:19:37,201 log 31788 13112 "GET /static/admin/img/icon-yes-dark.svg HTTP/1.1" 200 558
INFO 2026-05-20 17:19:47,737 autoreload 18500 13720 Watching for file changes with StatReloader
INFO 2026-05-20 17:19:54,297 log 18500 38624 "GET / HTTP/1.1" 302 0
INFO 2026-05-20 17:19:54,396 log 18500 38624 "GET /admin/ HTTP/1.1" 200 20219
INFO 2026-05-20 17:19:54,495 log 18500 38624 "GET /static/admin/css/dashboard.css HTTP/1.1" 304 0
INFO 2026-05-20 17:19:54,537 log 18500 38624 "GET /static/admin/img/icon-changelink.svg HTTP/1.1" 304 0
INFO 2026-05-20 17:20:02,815 log 18500 38624 "GET / HTTP/1.1" 302 0
INFO 2026-05-20 17:20:02,839 log 18500 38624 "GET /admin/ HTTP/1.1" 200 20219
INFO 2026-05-20 17:20:13,187 log 18500 38624 "GET /login/ HTTP/1.1" 302 0
INFO 2026-05-20 17:20:13,199 log 18500 38624 "GET / HTTP/1.1" 302 0
INFO 2026-05-20 17:20:13,219 log 18500 38624 "GET /admin/ HTTP/1.1" 200 20219
INFO 2026-05-20 17:20:23,088 log 18500 38624 "GET /login/ HTTP/1.1" 302 0
INFO 2026-05-20 17:20:23,099 log 18500 38624 "GET / HTTP/1.1" 302 0
INFO 2026-05-20 17:20:23,120 log 18500 38624 "GET /admin/ HTTP/1.1" 200 20219
INFO 2026-05-20 17:22:12,637 autoreload 18500 13720 C:\Users\admin\OneDrive\Desktop\Hostel Management System\hostel_management\hostel_management\urls.py changed, reloading.
INFO 2026-05-20 17:22:13,949 autoreload 39316 31016 Watching for file changes with StatReloader
INFO 2026-05-20 17:22:41,904 autoreload 3504 35196 Watching for file changes with StatReloader
INFO 2026-05-20 17:26:52,182 log 3504 27044 "GET / HTTP/1.1" 302 0
INFO 2026-05-20 17:26:52,377 log 3504 27044 "GET /student/ HTTP/1.1" 200 22203
INFO 2026-05-20 17:26:53,428 log 3504 27044 "GET / HTTP/1.1" 302 0
INFO 2026-05-20 17:26:53,467 log 3504 27044 "GET /student/ HTTP/1.1" 200 22203
WARNING 2026-05-20 17:26:53,789 log 3504 27044 Not Found: /favicon.ico
WARNING 2026-05-20 17:26:53,791 log 3504 27044 "GET /favicon.ico HTTP/1.1" 404 9661
INFO 2026-05-20 17:26:56,300 log 3504 27044 "GET /logout/ HTTP/1.1" 302 0
INFO 2026-05-20 17:26:56,312 log 3504 27044 "GET /login/ HTTP/1.1" 200 13857
INFO 2026-05-20 17:27:13,075 log 3504 27044 "POST /login/ HTTP/1.1" 302 0
INFO 2026-05-20 17:27:13,098 log 3504 27044 "GET / HTTP/1.1" 302 0
INFO 2026-05-20 17:27:13,149 log 3504 27044 "GET /student/ HTTP/1.1" 200 22594
INFO 2026-05-20 17:27:41,364 log 3504 27044 "GET /leave/requests/ HTTP/1.1" 200 12554
ERROR 2026-05-20 17:27:42,138 log 3504 27044 Internal Server Error: /notifications/
Traceback (most recent call last):
  File "C:\Users\admin\OneDrive\Desktop\Hostel Management System\venv\Lib\site-packages\django\db\backends\utils.py", line 105, in _execute
    return self.cursor.execute(sql, params)
           ~~~~~~~~~~~~~~~~~~~^^^^^^^^^^^^^
  File "C:\Users\admin\OneDrive\Desktop\Hostel Management System\venv\Lib\site-packages\django\db\backends\sqlite3\base.py", line 359, in execute
    return super().execute(query, params)
           ~~~~~~~~~~~~~~~^^^^^^^^^^^^^^^
sqlite3.OperationalError: no such table: operations_notification

The above exception was the direct cause of the following exception:

Traceback (most recent call last):
  File "C:\Users\admin\OneDrive\Desktop\Hostel Management System\venv\Lib\site-packages\django\core\handlers\exception.py", line 55, in inner
    response = get_response(request)
  File "C:\Users\admin\OneDrive\Desktop\Hostel Management System\venv\Lib\site-packages\django\core\handlers\base.py", line 198, in _get_response
    response = wrapped_callback(request, *callback_args, **callback_kwargs)
  File "C:\Users\admin\OneDrive\Desktop\Hostel Management System\venv\Lib\site-packages\django\contrib\auth\decorators.py", line 59, in _view_wrapper
    return view_func(request, *args, **kwargs)
  File "C:\Users\admin\OneDrive\Desktop\Hostel Management System\venv\Lib\site-packages\django\contrib\auth\decorators.py", line 59, in _view_wrapper
    return view_func(request, *args, **kwargs)
  File "C:\Users\admin\OneDrive\Desktop\Hostel Management System\hostel_management\accounts\views.py", line 647, in notifications_view
    unread_count = notifications.filter(is_read=False).count()
  File "C:\Users\admin\OneDrive\Desktop\Hostel Management System\venv\Lib\site-packages\django\db\models\query.py", line 610, in count
    return self.query.get_count(using=self.db)
           ~~~~~~~~~~~~~~~~~~~~^^^^^^^^^^^^^^^
  File "C:\Users\admin\OneDrive\Desktop\Hostel Management System\venv\Lib\site-packages\django\db\models\sql\query.py", line 656, in get_count
    return obj.get_aggregation(using, {"__count": Count("*")})["__count"]
           ~~~~~~~~~~~~~~~~~~~^^^^^^^^^^^^^^^^^^^^^^^^^^^^^^^^
  File "C:\Users\admin\OneDrive\Desktop\Hostel Management System\venv\Lib\site-packages\django\db\models\sql\query.py", line 638, in get_aggregation
    result = compiler.execute_sql(SINGLE)
  File "C:\Users\admin\OneDrive\Desktop\Hostel Management System\venv\Lib\site-packages\django\db\models\sql\compiler.py", line 1624, in execute_sql
    cursor.execute(sql, params)
    ~~~~~~~~~~~~~~^^^^^^^^^^^^^
  File "C:\Users\admin\OneDrive\Desktop\Hostel Management System\venv\Lib\site-packages\django\db\backends\utils.py", line 122, in execute
    return super().execute(sql, params)
           ~~~~~~~~~~~~~~~^^^^^^^^^^^^^
  File "C:\Users\admin\OneDrive\Desktop\Hostel Management System\venv\Lib\site-packages\django\db\backends\utils.py", line 79, in execute
    return self._execute_with_wrappers(
           ~~~~~~~~~~~~~~~~~~~~~~~~~~~^
        sql, params, many=False, executor=self._execute
        ^^^^^^^^^^^^^^^^^^^^^^^^^^^^^^^^^^^^^^^^^^^^^^^
    )
    ^
  File "C:\Users\admin\OneDrive\Desktop\Hostel Management System\venv\Lib\site-packages\django\db\backends\utils.py", line 92, in _execute_with_wrappers
    return executor(sql, params, many, context)
  File "C:\Users\admin\OneDrive\Desktop\Hostel Management System\venv\Lib\site-packages\django\db\backends\utils.py", line 100, in _execute
    with self.db.wrap_database_errors:
         ^^^^^^^^^^^^^^^^^^^^^^^^^^^^
  File "C:\Users\admin\OneDrive\Desktop\Hostel Management System\venv\Lib\site-packages\django\db\utils.py", line 94, in __exit__
    raise dj_exc_value.with_traceback(traceback) from exc_value
  File "C:\Users\admin\OneDrive\Desktop\Hostel Management System\venv\Lib\site-packages\django\db\backends\utils.py", line 105, in _execute
    return self.cursor.execute(sql, params)
           ~~~~~~~~~~~~~~~~~~~^^^^^^^^^^^^^
  File "C:\Users\admin\OneDrive\Desktop\Hostel Management System\venv\Lib\site-packages\django\db\backends\sqlite3\base.py", line 359, in execute
    return super().execute(query, params)
           ~~~~~~~~~~~~~~~^^^^^^^^^^^^^^^
django.db.utils.OperationalError: no such table: operations_notification
ERROR 2026-05-20 17:27:42,164 log 3504 27044 "GET /notifications/ HTTP/1.1" 500 148364
INFO 2026-05-20 17:27:47,376 log 3504 27044 "GET /profile/ HTTP/1.1" 200 16675
INFO 2026-05-20 17:27:54,721 log 3504 27044 "GET /leave/requests/ HTTP/1.1" 200 12554
INFO 2026-05-20 17:27:55,939 log 3504 27044 "GET /fees/ HTTP/1.1" 200 15106
INFO 2026-05-20 17:27:59,194 log 3504 27044 "GET /complaints/ HTTP/1.1" 200 18552
INFO 2026-05-20 17:28:03,143 log 3504 27044 "GET /complaints/ HTTP/1.1" 200 18552
INFO 2026-05-20 17:28:04,292 log 3504 27044 "GET /student/ HTTP/1.1" 200 22216
ERROR 2026-05-20 17:34:50,069 log 3504 30456 Internal Server Error: /notifications/
Traceback (most recent call last):
  File "C:\Users\admin\OneDrive\Desktop\Hostel Management System\venv\Lib\site-packages\django\db\backends\utils.py", line 105, in _execute
    return self.cursor.execute(sql, params)
           ~~~~~~~~~~~~~~~~~~~^^^^^^^^^^^^^
  File "C:\Users\admin\OneDrive\Desktop\Hostel Management System\venv\Lib\site-packages\django\db\backends\sqlite3\base.py", line 359, in execute
    return super().execute(query, params)
           ~~~~~~~~~~~~~~~^^^^^^^^^^^^^^^
sqlite3.OperationalError: no such table: operations_notification

The above exception was the direct cause of the following exception:

Traceback (most recent call last):
  File "C:\Users\admin\OneDrive\Desktop\Hostel Management System\venv\Lib\site-packages\django\core\handlers\exception.py", line 55, in inner
    response = get_response(request)
  File "C:\Users\admin\OneDrive\Desktop\Hostel Management System\venv\Lib\site-packages\django\core\handlers\base.py", line 198, in _get_response
    response = wrapped_callback(request, *callback_args, **callback_kwargs)
  File "C:\Users\admin\OneDrive\Desktop\Hostel Management System\venv\Lib\site-packages\django\contrib\auth\decorators.py", line 59, in _view_wrapper
    return view_func(request, *args, **kwargs)
  File "C:\Users\admin\OneDrive\Desktop\Hostel Management System\venv\Lib\site-packages\django\contrib\auth\decorators.py", line 59, in _view_wrapper
    return view_func(request, *args, **kwargs)
  File "C:\Users\admin\OneDrive\Desktop\Hostel Management System\hostel_management\accounts\views.py", line 647, in notifications_view
    unread_count = notifications.filter(is_read=False).count()
  File "C:\Users\admin\OneDrive\Desktop\Hostel Management System\venv\Lib\site-packages\django\db\models\query.py", line 610, in count
    return self.query.get_count(using=self.db)
           ~~~~~~~~~~~~~~~~~~~~^^^^^^^^^^^^^^^
  File "C:\Users\admin\OneDrive\Desktop\Hostel Management System\venv\Lib\site-packages\django\db\models\sql\query.py", line 656, in get_count
    return obj.get_aggregation(using, {"__count": Count("*")})["__count"]
           ~~~~~~~~~~~~~~~~~~~^^^^^^^^^^^^^^^^^^^^^^^^^^^^^^^^
  File "C:\Users\admin\OneDrive\Desktop\Hostel Management System\venv\Lib\site-packages\django\db\models\sql\query.py", line 638, in get_aggregation
    result = compiler.execute_sql(SINGLE)
  File "C:\Users\admin\OneDrive\Desktop\Hostel Management System\venv\Lib\site-packages\django\db\models\sql\compiler.py", line 1624, in execute_sql
    cursor.execute(sql, params)
    ~~~~~~~~~~~~~~^^^^^^^^^^^^^
  File "C:\Users\admin\OneDrive\Desktop\Hostel Management System\venv\Lib\site-packages\django\db\backends\utils.py", line 122, in execute
    return super().execute(sql, params)
           ~~~~~~~~~~~~~~~^^^^^^^^^^^^^
  File "C:\Users\admin\OneDrive\Desktop\Hostel Management System\venv\Lib\site-packages\django\db\backends\utils.py", line 79, in execute
    return self._execute_with_wrappers(
           ~~~~~~~~~~~~~~~~~~~~~~~~~~~^
        sql, params, many=False, executor=self._execute
        ^^^^^^^^^^^^^^^^^^^^^^^^^^^^^^^^^^^^^^^^^^^^^^^
    )
    ^
  File "C:\Users\admin\OneDrive\Desktop\Hostel Management System\venv\Lib\site-packages\django\db\backends\utils.py", line 92, in _execute_with_wrappers
    return executor(sql, params, many, context)
  File "C:\Users\admin\OneDrive\Desktop\Hostel Management System\venv\Lib\site-packages\django\db\backends\utils.py", line 100, in _execute
    with self.db.wrap_database_errors:
         ^^^^^^^^^^^^^^^^^^^^^^^^^^^^
  File "C:\Users\admin\OneDrive\Desktop\Hostel Management System\venv\Lib\site-packages\django\db\utils.py", line 94, in __exit__
    raise dj_exc_value.with_traceback(traceback) from exc_value
  File "C:\Users\admin\OneDrive\Desktop\Hostel Management System\venv\Lib\site-packages\django\db\backends\utils.py", line 105, in _execute
    return self.cursor.execute(sql, params)
           ~~~~~~~~~~~~~~~~~~~^^^^^^^^^^^^^
  File "C:\Users\admin\OneDrive\Desktop\Hostel Management System\venv\Lib\site-packages\django\db\backends\sqlite3\base.py", line 359, in execute
    return super().execute(query, params)
           ~~~~~~~~~~~~~~~^^^^^^^^^^^^^^^
django.db.utils.OperationalError: no such table: operations_notification
ERROR 2026-05-20 17:34:50,773 log 3504 30456 "GET /notifications/ HTTP/1.1" 500 148357
INFO 2026-05-20 18:51:49,903 log 3504 12400 "GET /notifications/ HTTP/1.1" 302 0
INFO 2026-05-20 18:51:49,911 log 3504 12400 "GET /login/?next=/notifications/ HTTP/1.1" 200 13104
WARNING 2026-05-20 18:51:50,066 log 3504 12400 Not Found: /favicon.ico
WARNING 2026-05-20 18:51:50,068 log 3504 12400 "GET /favicon.ico HTTP/1.1" 404 9661
INFO 2026-05-20 18:52:00,587 log 3504 12400 "POST /login/?next=/notifications/ HTTP/1.1" 302 0
INFO 2026-05-20 18:52:00,619 log 3504 12400 "GET / HTTP/1.1" 302 0
INFO 2026-05-20 18:52:00,684 log 3504 12400 "GET /student/ HTTP/1.1" 200 22583
INFO 2026-05-20 18:52:02,086 log 3504 12400 "GET /notifications/ HTTP/1.1" 200 12440
INFO 2026-05-20 18:52:04,145 log 3504 12400 "GET /profile/ HTTP/1.1" 200 16376
INFO 2026-05-20 18:52:05,121 log 3504 12400 "GET /notifications/ HTTP/1.1" 200 12440
INFO 2026-05-20 18:52:06,411 log 3504 12400 "GET /fees/ HTTP/1.1" 200 15106
INFO 2026-05-20 18:52:07,002 log 3504 12400 "GET /complaints/ HTTP/1.1" 200 18449
INFO 2026-05-20 18:52:08,413 log 3504 12400 "GET /student/ HTTP/1.1" 200 22203
INFO 2026-05-20 18:52:31,136 log 3504 12400 "GET /complaint/4/edit/ HTTP/1.1" 200 15014
INFO 2026-05-20 18:52:35,152 log 3504 12400 "GET /complaint/4/ HTTP/1.1" 200 14391
INFO 2026-05-20 18:52:38,348 log 3504 12400 "GET /complaints/ HTTP/1.1" 200 18449
INFO 2026-05-20 18:52:43,365 log 3504 12400 "GET /student/ HTTP/1.1" 200 22203
INFO 2026-05-20 18:52:51,486 log 3504 12400 "GET /fees/ HTTP/1.1" 200 15106
INFO 2026-07-06 21:46:42,946 autoreload 30580 24548 Watching for file changes with StatReloader
INFO 2026-07-06 21:46:46,281 basehttp 30580 31396 "GET / HTTP/1.1" 302 0
INFO 2026-07-06 21:46:46,375 basehttp 30580 31396 "GET /login/?next=/ HTTP/1.1" 200 13104
INFO 2026-07-06 21:47:05,927 basehttp 30580 31396 "POST /login/?next=/ HTTP/1.1" 200 13833
INFO 2026-07-06 21:47:19,298 basehttp 30580 31396 "POST /login/?next=/ HTTP/1.1" 200 13833
INFO 2026-07-06 21:47:21,502 basehttp 30580 31396 "GET /register/ HTTP/1.1" 200 14838
INFO 2026-07-06 21:48:18,400 basehttp 30580 31396 "POST /register/ HTTP/1.1" 200 18419
INFO 2026-07-06 21:49:17,980 basehttp 30580 31396 "POST /register/ HTTP/1.1" 302 0
INFO 2026-07-06 21:49:17,985 basehttp 30580 31396 "GET /login/ HTTP/1.1" 200 13993
INFO 2026-07-06 21:49:34,615 basehttp 30580 31396 "POST /login/ HTTP/1.1" 200 13833
INFO 2026-07-06 21:49:44,258 basehttp 30580 31396 "POST /login/ HTTP/1.1" 200 13833
INFO 2026-07-06 21:50:35,411 basehttp 30580 31396 "POST /login/ HTTP/1.1" 200 13833
INFO 2026-07-06 21:50:46,951 basehttp 30580 31396 "POST /login/ HTTP/1.1" 200 13833
INFO 2026-07-06 21:52:52,845 basehttp 30580 31396 "POST /login/ HTTP/1.1" 200 13833
INFO 2026-07-06 21:53:17,645 basehttp 30580 31396 "POST /login/ HTTP/1.1" 200 13833
INFO 2026-07-06 21:53:22,379 basehttp 30580 31396 "GET /password_reset/ HTTP/1.1" 200 12013
INFO 2026-07-06 21:53:25,266 basehttp 30580 31396 "GET /login/ HTTP/1.1" 200 13104
INFO 2026-07-06 21:57:04,557 autoreload 16560 24552 Watching for file changes with StatReloader
INFO 2026-07-06 21:57:05,513 basehttp 16560 26780 "GET /login/ HTTP/1.1" 200 13104
INFO 2026-07-06 21:57:22,742 basehttp 16560 26780 "POST /login/ HTTP/1.1" 302 0
INFO 2026-07-06 21:57:22,752 basehttp 16560 26780 "GET / HTTP/1.1" 302 0
INFO 2026-07-06 21:57:23,024 basehttp 16560 26780 "GET /admin/ HTTP/1.1" 200 16453
INFO 2026-07-06 21:57:23,070 basehttp 16560 26780 "GET /static/admin/css/base.css HTTP/1.1" 304 0
INFO 2026-07-06 21:57:23,084 basehttp 16560 26780 "GET /static/admin/css/nav_sidebar.css HTTP/1.1" 304 0
INFO 2026-07-06 21:57:23,087 basehttp 16560 35492 "GET /static/admin/css/dark_mode.css HTTP/1.1" 304 0
INFO 2026-07-06 21:57:23,089 basehttp 16560 43136 "GET /static/admin/css/responsive.css HTTP/1.1" 304 0
INFO 2026-07-06 21:57:23,094 basehttp 16560 13588 "GET /static/admin/css/dashboard.css HTTP/1.1" 304 0
INFO 2026-07-06 21:57:23,110 basehttp 16560 13588 "GET /static/admin/js/theme.js HTTP/1.1" 304 0
INFO 2026-07-06 21:57:23,110 basehttp 16560 43136 "GET /static/admin/js/nav_sidebar.js HTTP/1.1" 304 0
INFO 2026-07-06 21:57:23,119 basehttp 16560 43136 "GET /static/admin/img/icon-changelink.svg HTTP/1.1" 304 0
INFO 2026-07-06 21:57:23,120 basehttp 16560 35492 "GET /static/admin/img/icon-addlink.svg HTTP/1.1" 304 0
WARNING 2026-07-06 21:57:23,454 basehttp 16560 13588 "GET /static/admin/img/icon-yes-dark.svg HTTP/1.1" 404 1840
INFO 2026-07-06 21:57:28,594 basehttp 16560 35492 "GET /admin/accounts/studentprofile/ HTTP/1.1" 200 17826
INFO 2026-07-06 21:57:28,652 basehttp 16560 35492 "GET /static/admin/css/changelists.css HTTP/1.1" 304 0
INFO 2026-07-06 21:57:28,660 basehttp 16560 26780 "GET /static/admin/js/jquery.init.js HTTP/1.1" 304 0
INFO 2026-07-06 21:57:28,660 basehttp 16560 27368 "GET /static/admin/js/core.js HTTP/1.1" 304 0
INFO 2026-07-06 21:57:28,666 basehttp 16560 35492 "GET /static/admin/js/actions.js HTTP/1.1" 304 0
INFO 2026-07-06 21:57:28,667 basehttp 16560 42924 "GET /static/admin/js/vendor/jquery/jquery.js HTTP/1.1" 304 0
INFO 2026-07-06 21:57:28,672 basehttp 16560 27368 "GET /static/admin/js/urlify.js HTTP/1.1" 304 0
INFO 2026-07-06 21:57:28,673 basehttp 16560 26780 "GET /static/admin/js/prepopulate.js HTTP/1.1" 304 0
INFO 2026-07-06 21:57:28,677 basehttp 16560 42924 "GET /static/admin/js/vendor/xregexp/xregexp.js HTTP/1.1" 304 0
INFO 2026-07-06 21:57:28,678 basehttp 16560 22452 "GET /static/admin/js/admin/RelatedObjectLookups.js HTTP/1.1" 304 0
INFO 2026-07-06 21:57:28,707 basehttp 16560 22452 "GET /static/admin/img/icon-yes.svg HTTP/1.1" 304 0
INFO 2026-07-06 21:57:28,707 basehttp 16560 42924 "GET /static/admin/img/search.svg HTTP/1.1" 304 0
INFO 2026-07-06 21:57:28,715 basehttp 16560 42924 "GET /static/admin/js/filters.js HTTP/1.1" 304 0
INFO 2026-07-06 21:57:28,718 basehttp 16560 43136 "GET /admin/jsi18n/ HTTP/1.1" 200 3342
INFO 2026-07-06 21:57:28,783 basehttp 16560 43136 "GET /static/admin/img/tooltag-add.svg HTTP/1.1" 304 0
INFO 2026-07-06 21:57:28,785 basehttp 16560 22452 "GET /static/admin/img/icon-viewlink.svg HTTP/1.1" 304 0
INFO 2026-07-06 21:57:28,785 basehttp 16560 42924 "GET /static/admin/img/sorting-icons.svg HTTP/1.1" 304 0
INFO 2026-07-06 21:57:34,529 basehttp 16560 42924 "GET /admin/accounts/studentprofile/4/change/ HTTP/1.1" 200 28255
INFO 2026-07-06 21:57:34,561 basehttp 16560 42924 "GET /static/admin/css/forms.css HTTP/1.1" 304 0
INFO 2026-07-06 21:57:34,576 basehttp 16560 26780 "GET /static/admin/js/collapse.js HTTP/1.1" 304 0
INFO 2026-07-06 21:57:34,583 basehttp 16560 22452 "GET /admin/jsi18n/ HTTP/1.1" 200 3342
INFO 2026-07-06 21:57:34,587 basehttp 16560 26780 "GET /static/admin/css/widgets.css HTTP/1.1" 304 0
INFO 2026-07-06 21:57:34,595 basehttp 16560 26780 "GET /static/admin/js/prepopulate_init.js HTTP/1.1" 304 0
INFO 2026-07-06 21:57:34,789 basehttp 16560 43136 "GET /static/admin/js/calendar.js HTTP/1.1" 200 9141
INFO 2026-07-06 21:57:34,790 basehttp 16560 27368 "GET /static/admin/js/admin/DateTimeShortcuts.js HTTP/1.1" 200 19319
INFO 2026-07-06 21:57:34,805 basehttp 16560 27368 "GET /static/admin/js/change_form.js HTTP/1.1" 304 0
INFO 2026-07-06 21:57:34,877 basehttp 16560 27368 "GET /static/admin/img/icon-calendar.svg HTTP/1.1" 200 1086
INFO 2026-07-06 21:57:50,105 basehttp 16560 27368 "GET /admin/accounts/studentprofile/ HTTP/1.1" 200 17826
INFO 2026-07-06 21:57:50,141 basehttp 16560 27368 "GET /admin/jsi18n/ HTTP/1.1" 200 3342
INFO 2026-07-06 21:57:52,121 basehttp 16560 27368 "GET /admin/accounts/ HTTP/1.1" 200 6008
INFO 2026-07-06 21:57:53,626 basehttp 16560 27368 "GET /admin/ HTTP/1.1" 200 16327
INFO 2026-07-06 21:58:00,813 basehttp 16560 27368 "GET /admin/accounts/customuser/ HTTP/1.1" 200 21100
INFO 2026-07-06 21:58:00,850 basehttp 16560 43136 "GET /static/admin/img/icon-no.svg HTTP/1.1" 304 0
INFO 2026-07-06 21:58:00,854 basehttp 16560 27368 "GET /admin/jsi18n/ HTTP/1.1" 200 3342
INFO 2026-07-06 21:58:06,103 basehttp 16560 27368 "GET /admin/accounts/customuser/2/change/ HTTP/1.1" 200 33194
INFO 2026-07-06 21:58:06,144 basehttp 16560 26780 "GET /static/admin/js/SelectFilter2.js HTTP/1.1" 304 0
INFO 2026-07-06 21:58:06,145 basehttp 16560 43136 "GET /static/admin/js/SelectBox.js HTTP/1.1" 304 0
INFO 2026-07-06 21:58:06,150 basehttp 16560 27368 "GET /admin/jsi18n/ HTTP/1.1" 200 3342
INFO 2026-07-06 21:58:06,209 basehttp 16560 27368 "GET /static/admin/img/selector-icons.svg HTTP/1.1" 304 0
INFO 2026-07-06 21:58:06,237 basehttp 16560 43136 "GET /static/admin/img/icon-clock.svg HTTP/1.1" 200 677
INFO 2026-07-06 21:58:25,576 basehttp 16560 43136 "GET /admin/accounts/ HTTP/1.1" 200 6008
INFO 2026-07-06 21:58:26,904 basehttp 16560 43136 "GET /admin/accounts/studentprofile/ HTTP/1.1" 200 17826
INFO 2026-07-06 21:58:26,946 basehttp 16560 43136 "GET /admin/jsi18n/ HTTP/1.1" 200 3342
INFO 2026-07-06 21:58:29,250 basehttp 16560 43136 "GET /admin/accounts/studentprofile/1/change/ HTTP/1.1" 200 28281
INFO 2026-07-06 21:58:29,277 basehttp 16560 43136 "GET /admin/jsi18n/ HTTP/1.1" 200 3342
INFO 2026-07-06 21:58:35,819 basehttp 16560 43136 "GET /admin/accounts/studentprofile/ HTTP/1.1" 200 17826
INFO 2026-07-06 21:58:35,852 basehttp 16560 43136 "GET /admin/jsi18n/ HTTP/1.1" 200 3342
INFO 2026-07-06 21:58:37,955 basehttp 16560 43136 "GET /admin/accounts/ HTTP/1.1" 200 6008
INFO 2026-07-06 21:58:41,133 basehttp 16560 43136 "GET /admin/accounts/wardenprofile/ HTTP/1.1" 200 15988
INFO 2026-07-06 21:58:41,189 basehttp 16560 43136 "GET /admin/jsi18n/ HTTP/1.1" 200 3342
INFO 2026-07-06 21:58:44,697 basehttp 16560 43136 "GET /admin/accounts/wardenprofile/1/change/ HTTP/1.1" 200 22336
INFO 2026-07-06 21:58:44,740 basehttp 16560 43136 "GET /admin/jsi18n/ HTTP/1.1" 200 3342
INFO 2026-07-06 21:58:48,421 basehttp 16560 43136 "GET /admin/accounts/ HTTP/1.1" 200 6008
INFO 2026-07-06 21:58:51,692 basehttp 16560 43136 "GET /admin/ HTTP/1.1" 200 16327
INFO 2026-07-06 21:59:07,554 basehttp 16560 43136 "GET /admin/accounts/customuser/ HTTP/1.1" 200 21100
INFO 2026-07-06 21:59:07,593 basehttp 16560 43136 "GET /admin/jsi18n/ HTTP/1.1" 200 3342
INFO 2026-07-06 21:59:30,681 basehttp 16560 43136 "GET /admin/accounts/customuser/6/change/ HTTP/1.1" 200 33160
INFO 2026-07-06 21:59:30,724 basehttp 16560 43136 "GET /admin/jsi18n/ HTTP/1.1" 200 3342
INFO 2026-07-06 21:59:35,273 basehttp 16560 43136 "GET /admin/accounts/customuser/ HTTP/1.1" 200 21100
INFO 2026-07-06 21:59:35,308 basehttp 16560 43136 "GET /admin/jsi18n/ HTTP/1.1" 200 3342
INFO 2026-07-06 21:59:38,586 basehttp 16560 43136 "GET /admin/accounts/customuser/2/change/ HTTP/1.1" 200 33194
INFO 2026-07-06 21:59:38,622 basehttp 16560 43136 "GET /admin/jsi18n/ HTTP/1.1" 200 3342
INFO 2026-07-06 21:59:49,863 basehttp 16560 43136 "GET /admin/accounts/customuser/2/password/ HTTP/1.1" 200 12390
INFO 2026-07-06 22:00:03,422 basehttp 16560 43136 "POST /admin/accounts/customuser/2/password/ HTTP/1.1" 302 0
INFO 2026-07-06 22:00:03,463 basehttp 16560 43136 "GET /admin/accounts/customuser/2/change/ HTTP/1.1" 200 33329
INFO 2026-07-06 22:00:03,503 basehttp 16560 43136 "GET /admin/jsi18n/ HTTP/1.1" 200 3342
WARNING 2026-07-06 22:00:03,535 basehttp 16560 43136 "GET /static/admin/img/icon-yes-dark.svg HTTP/1.1" 404 1840
INFO 2026-07-06 22:00:05,545 basehttp 16560 27368 "GET /admin/accounts/customuser/2/history/ HTTP/1.1" 200 12004
INFO 2026-07-06 22:00:07,935 basehttp 16560 27368 "GET /admin/ HTTP/1.1" 200 16337
INFO 2026-07-06 22:00:17,203 basehttp 16560 27368 "GET /login/ HTTP/1.1" 302 0
INFO 2026-07-06 22:00:17,220 basehttp 16560 27368 "GET / HTTP/1.1" 302 0
INFO 2026-07-06 22:00:17,243 basehttp 16560 27368 "GET /admin/ HTTP/1.1" 200 16337
INFO 2026-07-06 22:00:24,182 basehttp 16560 27368 "POST /admin/logout/ HTTP/1.1" 200 3553
INFO 2026-07-06 22:00:25,751 basehttp 16560 27368 "GET /admin/ HTTP/1.1" 302 0
INFO 2026-07-06 22:00:25,833 basehttp 16560 27368 "GET /admin/login/?next=/admin/ HTTP/1.1" 200 4158
INFO 2026-07-06 22:00:25,863 basehttp 16560 27368 "GET /static/admin/css/login.css HTTP/1.1" 304 0
INFO 2026-07-06 22:00:38,529 basehttp 16560 27368 "POST /admin/login/?next=/admin/ HTTP/1.1" 200 4322
INFO 2026-07-06 22:01:00,166 basehttp 16560 27368 "GET /login/ HTTP/1.1" 200 13104
INFO 2026-07-06 22:01:13,962 basehttp 16560 27368 "POST /login/ HTTP/1.1" 302 0
INFO 2026-07-06 22:01:13,973 basehttp 16560 27368 "GET / HTTP/1.1" 302 0
INFO 2026-07-06 22:01:14,020 basehttp 16560 27368 "GET /student/ HTTP/1.1" 200 22594
INFO 2026-07-06 22:01:23,689 basehttp 16560 27368 "GET /leave/requests/ HTTP/1.1" 200 12554
INFO 2026-07-06 22:01:25,602 basehttp 16560 27368 "GET /leave/apply/ HTTP/1.1" 200 14674
INFO 2026-07-06 22:01:28,151 basehttp 16560 27368 "POST /leave/apply/ HTTP/1.1" 200 14772
INFO 2026-07-06 22:01:30,474 basehttp 16560 27368 "GET /notifications/ HTTP/1.1" 200 12440
INFO 2026-07-06 22:01:32,676 basehttp 16560 27368 "GET /leave/requests/ HTTP/1.1" 200 12554
INFO 2026-07-06 22:01:34,357 basehttp 16560 27368 "GET /fees/ HTTP/1.1" 200 15106
INFO 2026-07-06 22:01:36,199 basehttp 16560 27368 "GET /complaints/ HTTP/1.1" 200 18552
INFO 2026-07-06 22:01:43,210 basehttp 16560 27368 "GET /student/ HTTP/1.1" 200 22216
INFO 2026-07-06 22:01:45,227 basehttp 16560 27368 "GET /profile/ HTTP/1.1" 200 16675
INFO 2026-07-06 22:01:54,239 basehttp 16560 27368 "GET /student/ HTTP/1.1" 200 22216
INFO 2026-07-06 22:02:15,779 basehttp 16560 27368 "GET /leave/requests/ HTTP/1.1" 200 12554
INFO 2026-07-06 22:02:17,003 basehttp 16560 27368 "GET /leave/apply/ HTTP/1.1" 200 14674
INFO 2026-07-06 22:03:20,790 basehttp 16560 27368 "POST /leave/apply/ HTTP/1.1" 200 14766
INFO 2026-07-06 22:03:27,794 basehttp 16560 27368 "POST /leave/apply/ HTTP/1.1" 302 0
INFO 2026-07-06 22:03:27,817 basehttp 16560 27368 "GET /leave/requests/ HTTP/1.1" 200 13776
INFO 2026-07-06 22:03:30,567 basehttp 16560 27368 "GET /logout/ HTTP/1.1" 302 0
INFO 2026-07-06 22:03:30,572 basehttp 16560 27368 "GET /login/ HTTP/1.1" 200 13857
INFO 2026-07-06 22:03:42,799 basehttp 16560 27368 "POST /login/ HTTP/1.1" 200 13833
INFO 2026-07-06 22:03:52,086 basehttp 16560 27368 "POST /login/ HTTP/1.1" 200 13833
INFO 2026-07-06 22:04:09,959 basehttp 16560 27368 "POST /login/ HTTP/1.1" 200 13833
INFO 2026-07-06 22:04:37,391 basehttp 16560 27368 "POST /login/ HTTP/1.1" 200 13833
INFO 2026-07-06 22:04:57,044 basehttp 16560 27368 "POST /login/ HTTP/1.1" 200 13833
INFO 2026-07-06 22:05:16,747 basehttp 16560 27368 "GET /admin/login/?next=/admin/ HTTP/1.1" 200 4158
INFO 2026-07-06 22:05:28,778 basehttp 16560 27368 "POST /admin/login/?next=/admin/ HTTP/1.1" 200 4319
INFO 2026-07-06 22:05:46,414 basehttp 16560 27368 "POST /admin/login/?next=/admin/ HTTP/1.1" 302 0
INFO 2026-07-06 22:05:46,437 basehttp 16560 27368 "GET /admin/ HTTP/1.1" 200 16337
INFO 2026-07-06 22:05:52,463 basehttp 16560 27368 "GET /admin/accounts/wardenprofile/ HTTP/1.1" 200 15988
INFO 2026-07-06 22:05:52,506 basehttp 16560 27368 "GET /admin/jsi18n/ HTTP/1.1" 200 3342
INFO 2026-07-06 22:05:54,600 basehttp 16560 27368 "GET /admin/accounts/wardenprofile/1/change/ HTTP/1.1" 200 22336
INFO 2026-07-06 22:05:54,643 basehttp 16560 27368 "GET /admin/jsi18n/ HTTP/1.1" 200 3342
INFO 2026-07-06 22:05:59,750 basehttp 16560 27368 "GET /admin/accounts/wardenprofile/ HTTP/1.1" 200 15988
INFO 2026-07-06 22:05:59,803 basehttp 16560 27368 "GET /admin/jsi18n/ HTTP/1.1" 200 3342
INFO 2026-07-06 22:06:17,640 basehttp 16560 27368 "POST /admin/accounts/wardenprofile/ HTTP/1.1" 200 12365
INFO 2026-07-06 22:06:17,675 basehttp 16560 27368 "GET /static/admin/js/cancel.js HTTP/1.1" 304 0
INFO 2026-07-06 22:06:19,363 basehttp 16560 27368 "POST /admin/accounts/wardenprofile/ HTTP/1.1" 302 0
INFO 2026-07-06 22:06:19,385 basehttp 16560 27368 "GET /admin/accounts/wardenprofile/ HTTP/1.1" 200 13394
INFO 2026-07-06 22:06:19,419 basehttp 16560 27368 "GET /admin/jsi18n/ HTTP/1.1" 200 3342
WARNING 2026-07-06 22:06:19,459 basehttp 16560 27368 "GET /static/admin/img/icon-yes-dark.svg HTTP/1.1" 404 1840
INFO 2026-07-06 22:06:21,291 basehttp 16560 26912 "GET /admin/accounts/wardenprofile/add/ HTTP/1.1" 200 22008
INFO 2026-07-06 22:06:21,329 basehttp 16560 26912 "GET /admin/jsi18n/ HTTP/1.1" 200 3342
INFO 2026-07-06 22:06:33,699 basehttp 16560 26912 "POST /admin/accounts/wardenprofile/add/ HTTP/1.1" 302 0
INFO 2026-07-06 22:06:33,728 basehttp 16560 26912 "GET /admin/accounts/wardenprofile/ HTTP/1.1" 200 15703
INFO 2026-07-06 22:06:33,771 basehttp 16560 26912 "GET /admin/jsi18n/ HTTP/1.1" 200 3342
WARNING 2026-07-06 22:06:33,803 basehttp 16560 26912 "GET /static/admin/img/icon-yes-dark.svg HTTP/1.1" 404 1840
INFO 2026-07-06 22:06:38,117 basehttp 16560 6732 "GET /admin/ HTTP/1.1" 200 16303
INFO 2026-07-06 22:06:38,174 basehttp 16560 6732 "GET /static/admin/img/icon-deletelink.svg HTTP/1.1" 304 0
INFO 2026-07-06 22:06:40,895 basehttp 16560 6732 "GET /admin/accounts/customuser/ HTTP/1.1" 200 21099
INFO 2026-07-06 22:06:40,928 basehttp 16560 6732 "GET /admin/jsi18n/ HTTP/1.1" 200 3342
INFO 2026-07-06 22:06:43,541 basehttp 16560 6732 "GET /admin/accounts/customuser/5/change/ HTTP/1.1" 200 33106
INFO 2026-07-06 22:06:43,572 basehttp 16560 6732 "GET /admin/jsi18n/ HTTP/1.1" 200 3342
INFO 2026-07-06 22:06:47,903 basehttp 16560 6732 "GET /admin/accounts/customuser/5/password/ HTTP/1.1" 200 12368
INFO 2026-07-06 22:07:18,842 basehttp 16560 6732 "POST /admin/accounts/customuser/5/password/ HTTP/1.1" 302 0
INFO 2026-07-06 22:07:18,880 basehttp 16560 6732 "GET /admin/accounts/customuser/5/change/ HTTP/1.1" 200 33241
INFO 2026-07-06 22:07:18,918 basehttp 16560 6732 "GET /admin/jsi18n/ HTTP/1.1" 200 3342
WARNING 2026-07-06 22:07:18,947 basehttp 16560 6732 "GET /static/admin/img/icon-yes-dark.svg HTTP/1.1" 404 1840
INFO 2026-07-06 22:07:21,211 basehttp 16560 33204 "GET /admin/ HTTP/1.1" 200 16282
INFO 2026-07-06 22:07:33,033 basehttp 16560 33204 "GET /login/ HTTP/1.1" 302 0
INFO 2026-07-06 22:07:33,052 basehttp 16560 33204 "GET / HTTP/1.1" 302 0
INFO 2026-07-06 22:07:33,081 basehttp 16560 33204 "GET /admin/ HTTP/1.1" 200 16282
INFO 2026-07-06 22:07:51,370 basehttp 16560 33204 "GET /login/ HTTP/1.1" 302 0
INFO 2026-07-06 22:07:51,383 basehttp 16560 33204 "GET / HTTP/1.1" 302 0
INFO 2026-07-06 22:07:51,421 basehttp 16560 33204 "GET /admin/ HTTP/1.1" 200 16282
INFO 2026-07-06 22:07:56,336 basehttp 16560 33204 "GET /login HTTP/1.1" 301 0
INFO 2026-07-06 22:07:56,344 basehttp 16560 42272 "GET /login/ HTTP/1.1" 302 0
INFO 2026-07-06 22:07:56,352 basehttp 16560 42272 "GET / HTTP/1.1" 302 0
INFO 2026-07-06 22:07:56,370 basehttp 16560 42272 "GET /admin/ HTTP/1.1" 200 16282
INFO 2026-07-06 22:08:15,676 basehttp 16560 42272 "GET / HTTP/1.1" 302 0
INFO 2026-07-06 22:08:15,704 basehttp 16560 42272 "GET /admin/ HTTP/1.1" 200 16282
INFO 2026-07-06 22:08:30,052 basehttp 16560 42272 "GET /login/ HTTP/1.1" 302 0
INFO 2026-07-06 22:08:30,067 basehttp 16560 42272 "GET / HTTP/1.1" 302 0
INFO 2026-07-06 22:08:30,092 basehttp 16560 42272 "GET /admin/ HTTP/1.1" 200 16282
INFO 2026-07-06 22:08:38,777 basehttp 16560 42272 "GET /login/ HTTP/1.1" 302 0
INFO 2026-07-06 22:08:38,794 basehttp 16560 42272 "GET / HTTP/1.1" 302 0
INFO 2026-07-06 22:08:38,821 basehttp 16560 42272 "GET /admin/ HTTP/1.1" 200 16282
WARNING 2026-07-06 22:09:19,236 log 16560 42272 Not Found: /login/user/
WARNING 2026-07-06 22:09:19,237 basehttp 16560 42272 "GET /login/user/ HTTP/1.1" 404 7241
INFO 2026-07-06 22:09:39,105 basehttp 16560 44864 "GET /login/ HTTP/1.1" 200 13104
WARNING 2026-07-06 22:09:40,307 log 16560 44864 Not Found: /favicon.ico
WARNING 2026-07-06 22:09:40,309 basehttp 16560 44864 "GET /favicon.ico HTTP/1.1" 404 7241
INFO 2026-07-06 22:09:52,660 basehttp 16560 44864 "POST /login/ HTTP/1.1" 302 0
INFO 2026-07-06 22:09:52,705 basehttp 16560 44864 "GET / HTTP/1.1" 302 0
INFO 2026-07-06 22:09:52,794 basehttp 16560 44864 "GET /warden/ HTTP/1.1" 200 22570
INFO 2026-07-06 22:10:00,062 basehttp 16560 44864 "GET /admin/pending-registrations/ HTTP/1.1" 302 0
INFO 2026-07-06 22:10:00,116 basehttp 16560 44864 "GET /admin/login/?next=/admin/pending-registrations/ HTTP/1.1" 302 0
INFO 2026-07-06 22:10:00,136 basehttp 16560 44864 "GET /login/ HTTP/1.1" 200 13104
INFO 2026-07-06 22:10:11,929 basehttp 16560 44864 "GET /admin/pending-registrations/ HTTP/1.1" 302 0
INFO 2026-07-06 22:10:11,952 basehttp 16560 44864 "GET /admin/login/?next=/admin/pending-registrations/ HTTP/1.1" 200 4202
INFO 2026-07-06 22:10:12,040 basehttp 16560 44660 "GET /static/admin/css/nav_sidebar.css HTTP/1.1" 200 2810
INFO 2026-07-06 22:10:12,041 basehttp 16560 3172 "GET /static/admin/css/dark_mode.css HTTP/1.1" 200 2682
INFO 2026-07-06 22:10:12,046 basehttp 16560 44864 "GET /static/admin/css/base.css HTTP/1.1" 200 21544
INFO 2026-07-06 22:10:12,051 basehttp 16560 34640 "GET /static/admin/css/login.css HTTP/1.1" 200 958
INFO 2026-07-06 22:10:12,055 basehttp 16560 16436 "GET /static/admin/css/responsive.css HTTP/1.1" 200 17905
INFO 2026-07-06 22:10:12,098 basehttp 16560 22568 "GET /static/admin/js/theme.js HTTP/1.1" 200 1943
INFO 2026-07-06 22:10:12,104 basehttp 16560 44660 "GET /static/admin/js/nav_sidebar.js HTTP/1.1" 200 3063
INFO 2026-07-06 22:10:23,718 basehttp 16560 44660 "GET /admin/pending-registrations/ HTTP/1.1" 302 0
INFO 2026-07-06 22:10:23,736 basehttp 16560 44660 "GET /admin/login/?next=/admin/pending-registrations/ HTTP/1.1" 200 4202
INFO 2026-07-06 22:10:27,815 basehttp 16560 44660 "GET /warden/complaints/ HTTP/1.1" 302 0
INFO 2026-07-06 22:10:27,846 basehttp 16560 44660 "GET /login/?next=/warden/complaints/ HTTP/1.1" 200 13104
INFO 2026-07-06 22:10:42,040 basehttp 16560 44660 "POST /login/?next=/warden/complaints/ HTTP/1.1" 302 0
INFO 2026-07-06 22:10:42,074 basehttp 16560 44660 "GET / HTTP/1.1" 302 0
INFO 2026-07-06 22:10:42,136 basehttp 16560 44660 "GET /warden/ HTTP/1.1" 200 22570
INFO 2026-07-06 22:10:55,424 basehttp 16560 44660 "GET /admin/pending-registrations/ HTTP/1.1" 302 0
INFO 2026-07-06 22:10:55,476 basehttp 16560 44660 "GET /admin/login/?next=/admin/pending-registrations/ HTTP/1.1" 302 0
INFO 2026-07-06 22:10:55,493 basehttp 16560 44660 "GET /login/ HTTP/1.1" 200 13104
INFO 2026-07-06 22:11:02,053 basehttp 16560 44660 "GET /login/ HTTP/1.1" 200 13104
INFO 2026-07-06 22:11:18,441 basehttp 16560 44660 "POST /login/ HTTP/1.1" 200 13833
INFO 2026-07-06 22:11:47,792 basehttp 16560 44660 "POST /login/ HTTP/1.1" 302 0
INFO 2026-07-06 22:11:47,817 basehttp 16560 44660 "GET / HTTP/1.1" 302 0
INFO 2026-07-06 22:11:47,857 basehttp 16560 44660 "GET /student/ HTTP/1.1" 200 22702
INFO 2026-07-06 22:11:59,619 basehttp 16560 44660 "GET /notifications/ HTTP/1.1" 200 14301
INFO 2026-07-06 22:12:05,500 basehttp 16560 44660 "POST /notifications/ HTTP/1.1" 302 0
INFO 2026-07-06 22:12:05,552 basehttp 16560 44660 "GET /notifications/ HTTP/1.1" 200 14229
INFO 2026-07-06 22:12:07,802 basehttp 16560 44660 "GET /profile/ HTTP/1.1" 200 16675
INFO 2026-07-06 22:12:15,698 basehttp 16560 44660 "GET /profile/edit/ HTTP/1.1" 200 18153
INFO 2026-07-06 22:12:19,773 basehttp 16560 44660 "GET /student/ HTTP/1.1" 200 22216
INFO 2026-07-18 14:32:11,134 autoreload 30944 39028 Watching for file changes with StatReloader
INFO 2026-07-18 14:32:15,026 basehttp 30944 4520 "GET / HTTP/1.1" 302 0
INFO 2026-07-18 14:32:15,107 basehttp 30944 4520 "GET /login/?next=/ HTTP/1.1" 200 13104
INFO 2026-07-18 14:32:31,730 basehttp 30944 29092 "GET /login/?next=/ HTTP/1.1" 200 13104
WARNING 2026-07-18 14:32:33,897 log 30944 29092 Not Found: /favicon.ico
WARNING 2026-07-18 14:32:33,899 basehttp 30944 29092 "GET /favicon.ico HTTP/1.1" 404 7241
INFO 2026-07-18 14:32:59,694 basehttp 30944 29092 "POST /login/?next=/ HTTP/1.1" 200 13833
INFO 2026-07-18 14:33:04,026 basehttp 30944 29092 "GET /register/ HTTP/1.1" 200 14838
INFO 2026-07-18 14:33:08,041 basehttp 30944 29092 "POST /register/ HTTP/1.1" 200 19002
INFO 2026-07-18 14:34:05,570 basehttp 30944 29092 "POST /register/ HTTP/1.1" 200 16626
INFO 2026-07-18 14:34:23,804 basehttp 30944 29092 "POST /register/ HTTP/1.1" 302 0
INFO 2026-07-18 14:34:23,816 basehttp 30944 29092 "GET /login/ HTTP/1.1" 200 13993
INFO 2026-07-18 14:34:37,293 basehttp 30944 29092 "GET /admin/ HTTP/1.1" 302 0
INFO 2026-07-18 14:34:37,623 basehttp 30944 29092 "GET /admin/login/?next=/admin/ HTTP/1.1" 200 4158
INFO 2026-07-18 14:34:38,371 basehttp 30944 5512 "GET /static/admin/css/responsive.css HTTP/1.1" 200 17905
INFO 2026-07-18 14:34:38,375 basehttp 30944 37980 "GET /static/admin/css/dark_mode.css HTTP/1.1" 200 2682
INFO 2026-07-18 14:34:38,380 basehttp 30944 20116 "GET /static/admin/js/theme.js HTTP/1.1" 200 1943
INFO 2026-07-18 14:34:38,395 basehttp 30944 41152 "GET /static/admin/css/nav_sidebar.css HTTP/1.1" 200 2810
INFO 2026-07-18 14:34:38,396 basehttp 30944 29092 "GET /static/admin/css/base.css HTTP/1.1" 200 21544
INFO 2026-07-18 14:34:38,399 basehttp 30944 26724 "GET /static/admin/css/login.css HTTP/1.1" 200 958
INFO 2026-07-18 14:34:38,474 basehttp 30944 5512 "GET /static/admin/js/nav_sidebar.js HTTP/1.1" 200 3063
INFO 2026-07-18 14:34:51,689 basehttp 30944 5512 "POST /admin/login/?next=/admin/ HTTP/1.1" 200 4319
INFO 2026-07-18 14:35:09,071 basehttp 30944 5512 "POST /admin/login/?next=/admin/ HTTP/1.1" 200 4319
INFO 2026-07-18 14:35:16,599 basehttp 30944 5512 "POST /admin/login/?next=/admin/ HTTP/1.1" 200 4319
INFO 2026-07-18 14:35:28,011 basehttp 30944 5512 "POST /admin/login/?next=/admin/ HTTP/1.1" 200 4319
INFO 2026-07-18 14:35:35,895 basehttp 30944 5512 "POST /admin/login/?next=/admin/ HTTP/1.1" 302 0
INFO 2026-07-18 14:35:36,014 basehttp 30944 5512 "GET /admin/ HTTP/1.1" 200 16282
INFO 2026-07-18 14:35:36,112 basehttp 30944 5512 "GET /static/admin/css/dashboard.css HTTP/1.1" 200 441
INFO 2026-07-18 14:35:36,116 basehttp 30944 41152 "GET /static/admin/img/icon-changelink.svg HTTP/1.1" 200 380
INFO 2026-07-18 14:35:36,118 basehttp 30944 29092 "GET /static/admin/img/icon-deletelink.svg HTTP/1.1" 200 392
INFO 2026-07-18 14:35:36,123 basehttp 30944 26724 "GET /static/admin/img/icon-addlink.svg HTTP/1.1" 200 331
INFO 2026-07-18 14:35:43,173 basehttp 30944 26724 "GET /admin/accounts/customuser/ HTTP/1.1" 200 21758
INFO 2026-07-18 14:35:43,278 basehttp 30944 26724 "GET /static/admin/css/changelists.css HTTP/1.1" 200 6811
INFO 2026-07-18 14:35:43,310 basehttp 30944 5512 "GET /static/admin/js/jquery.init.js HTTP/1.1" 200 347
INFO 2026-07-18 14:35:43,329 basehttp 30944 20116 "GET /static/admin/js/core.js HTTP/1.1" 200 6208
INFO 2026-07-18 14:35:43,357 basehttp 30944 29092 "GET /admin/jsi18n/ HTTP/1.1" 200 3342
INFO 2026-07-18 14:35:43,375 basehttp 30944 37980 "GET /static/admin/js/admin/RelatedObjectLookups.js HTTP/1.1" 200 9042
INFO 2026-07-18 14:35:43,386 basehttp 30944 20116 "GET /static/admin/js/prepopulate.js HTTP/1.1" 200 1531
INFO 2026-07-18 14:35:43,394 basehttp 30944 5512 "GET /static/admin/js/urlify.js HTTP/1.1" 200 7887
INFO 2026-07-18 14:35:43,395 basehttp 30944 26724 "GET /static/admin/js/actions.js HTTP/1.1" 200 8067
INFO 2026-07-18 14:35:43,407 basehttp 30944 37980 "GET /static/admin/img/search.svg HTTP/1.1" 200 458
INFO 2026-07-18 14:35:43,420 basehttp 30944 20116 "GET /static/admin/img/icon-yes.svg HTTP/1.1" 200 436
INFO 2026-07-18 14:35:43,434 basehttp 30944 41152 "GET /static/admin/js/vendor/jquery/jquery.js HTTP/1.1" 200 285314
INFO 2026-07-18 14:35:43,450 basehttp 30944 37980 "GET /static/admin/img/icon-no.svg HTTP/1.1" 200 560
INFO 2026-07-18 14:35:43,508 basehttp 30944 37980 "GET /static/admin/js/filters.js HTTP/1.1" 200 978
INFO 2026-07-18 14:35:43,610 basehttp 30944 29092 "GET /static/admin/js/vendor/xregexp/xregexp.js HTTP/1.1" 200 325171
INFO 2026-07-18 14:35:43,704 basehttp 30944 29092 "GET /static/admin/img/tooltag-add.svg HTTP/1.1" 200 331
INFO 2026-07-18 14:35:43,709 basehttp 30944 37980 "GET /static/admin/img/sorting-icons.svg HTTP/1.1" 200 1097
INFO 2026-07-18 14:35:43,743 basehttp 30944 29092 "GET /static/admin/img/icon-viewlink.svg HTTP/1.1" 200 581
INFO 2026-07-18 14:35:50,320 basehttp 30944 29092 "GET /admin/accounts/customuser/8/change/ HTTP/1.1" 200 33117
INFO 2026-07-18 14:35:50,444 basehttp 30944 37980 "GET /admin/jsi18n/ HTTP/1.1" 200 3342
INFO 2026-07-18 14:35:50,457 basehttp 30944 29092 "GET /static/admin/css/forms.css HTTP/1.1" 200 9090
INFO 2026-07-18 14:35:50,467 basehttp 30944 5512 "GET /static/admin/js/SelectFilter2.js HTTP/1.1" 200 15492
INFO 2026-07-18 14:35:50,468 basehttp 30944 41152 "GET /static/admin/js/calendar.js HTTP/1.1" 200 9141
INFO 2026-07-18 14:35:50,468 basehttp 30944 26724 "GET /static/admin/js/SelectBox.js HTTP/1.1" 200 4530
INFO 2026-07-18 14:35:50,469 basehttp 30944 20116 "GET /static/admin/js/admin/DateTimeShortcuts.js HTTP/1.1" 200 19319
INFO 2026-07-18 14:35:50,509 basehttp 30944 5512 "GET /static/admin/css/widgets.css HTTP/1.1" 200 11800
INFO 2026-07-18 14:35:50,534 basehttp 30944 29092 "GET /static/admin/js/prepopulate_init.js HTTP/1.1" 200 586
INFO 2026-07-18 14:35:50,626 basehttp 30944 29092 "GET /static/admin/js/change_form.js HTTP/1.1" 200 606
INFO 2026-07-18 14:35:50,706 basehttp 30944 29092 "GET /static/admin/img/icon-unknown.svg HTTP/1.1" 200 655
INFO 2026-07-18 14:35:50,711 basehttp 30944 20116 "GET /static/admin/img/icon-calendar.svg HTTP/1.1" 200 1086
INFO 2026-07-18 14:35:50,717 basehttp 30944 41152 "GET /static/admin/img/icon-unknown-alt.svg HTTP/1.1" 200 655
INFO 2026-07-18 14:35:50,718 basehttp 30944 26724 "GET /static/admin/img/icon-clock.svg HTTP/1.1" 200 677
INFO 2026-07-18 14:35:50,727 basehttp 30944 5512 "GET /static/admin/img/selector-icons.svg HTTP/1.1" 200 3291
INFO 2026-07-18 14:36:12,536 basehttp 30944 5512 "POST /admin/accounts/customuser/8/change/ HTTP/1.1" 302 0
INFO 2026-07-18 14:36:12,626 basehttp 30944 5512 "GET /admin/accounts/customuser/ HTTP/1.1" 200 21979
INFO 2026-07-18 14:36:12,695 basehttp 30944 5512 "GET /admin/jsi18n/ HTTP/1.1" 200 3342
INFO 2026-07-18 14:36:14,508 basehttp 30944 5512 "GET /admin/accounts/studentprofile/ HTTP/1.1" 200 18358
INFO 2026-07-18 14:36:14,584 basehttp 30944 5512 "GET /admin/jsi18n/ HTTP/1.1" 200 3342
INFO 2026-07-18 14:36:19,209 basehttp 30944 5512 "GET /admin/accounts/studentprofile/5/change/ HTTP/1.1" 200 28294
INFO 2026-07-18 14:36:19,292 basehttp 30944 5512 "GET /admin/jsi18n/ HTTP/1.1" 200 3342
INFO 2026-07-18 14:36:19,322 basehttp 30944 26724 "GET /static/admin/js/collapse.js HTTP/1.1" 200 1803
INFO 2026-07-18 14:36:33,798 basehttp 30944 26724 "POST /admin/accounts/studentprofile/5/change/ HTTP/1.1" 302 0
INFO 2026-07-18 14:36:33,901 basehttp 30944 26724 "GET /admin/accounts/studentprofile/ HTTP/1.1" 200 18591
INFO 2026-07-18 14:36:34,033 basehttp 30944 26724 "GET /admin/jsi18n/ HTTP/1.1" 200 3342
INFO 2026-07-18 14:36:50,292 basehttp 30944 26724 "GET /login/?next=/ HTTP/1.1" 302 0
INFO 2026-07-18 14:36:50,310 basehttp 30944 26724 "GET / HTTP/1.1" 302 0
INFO 2026-07-18 14:36:50,345 basehttp 30944 26724 "GET /admin/ HTTP/1.1" 200 16299
INFO 2026-07-18 14:36:58,335 basehttp 30944 26724 "GET /login/ HTTP/1.1" 302 0
INFO 2026-07-18 14:36:58,353 basehttp 30944 26724 "GET / HTTP/1.1" 302 0
INFO 2026-07-18 14:36:58,402 basehttp 30944 26724 "GET /admin/ HTTP/1.1" 200 16299
INFO 2026-07-18 14:37:07,699 basehttp 30944 26724 "GET /login/ HTTP/1.1" 302 0
INFO 2026-07-18 14:37:07,719 basehttp 30944 26724 "GET / HTTP/1.1" 302 0
INFO 2026-07-18 14:37:07,768 basehttp 30944 26724 "GET /admin/ HTTP/1.1" 200 16299
INFO 2026-07-18 14:37:09,957 basehttp 30944 26724 "POST /admin/logout/ HTTP/1.1" 200 3553
INFO 2026-07-18 14:37:27,837 basehttp 30944 26724 "GET /login/ HTTP/1.1" 200 13104
INFO 2026-07-18 14:38:06,149 basehttp 30944 26724 "POST /login/ HTTP/1.1" 200 13833
INFO 2026-07-18 14:38:38,133 basehttp 30944 26724 "GET /admin/accounts/studentprofile/5/change/ HTTP/1.1" 302 0
INFO 2026-07-18 14:38:38,150 basehttp 30944 26724 "GET /admin/login/?next=/admin/accounts/studentprofile/5/change/ HTTP/1.1" 200 4224
INFO 2026-07-18 14:38:49,541 basehttp 30944 26724 "POST /admin/login/?next=/admin/accounts/studentprofile/5/change/ HTTP/1.1" 302 0
INFO 2026-07-18 14:38:49,621 basehttp 30944 26724 "GET /admin/accounts/studentprofile/5/change/ HTTP/1.1" 200 28294
INFO 2026-07-18 14:38:49,724 basehttp 30944 26724 "GET /admin/jsi18n/ HTTP/1.1" 200 3342
INFO 2026-07-18 14:39:02,384 basehttp 30944 26724 "POST /admin/accounts/studentprofile/5/change/ HTTP/1.1" 302 0
INFO 2026-07-18 14:39:02,456 basehttp 30944 26724 "GET /admin/accounts/studentprofile/ HTTP/1.1" 200 18596
INFO 2026-07-18 14:39:02,537 basehttp 30944 26724 "GET /admin/jsi18n/ HTTP/1.1" 200 3342
INFO 2026-07-18 14:39:09,203 basehttp 30944 26724 "GET /admin/accounts/studentprofile/ HTTP/1.1" 200 18363
INFO 2026-07-18 14:39:11,199 basehttp 30944 26724 "POST /admin/logout/ HTTP/1.1" 200 3553
WARNING 2026-07-18 14:39:32,735 log 30944 26724 Forbidden (CSRF token from POST incorrect.): /login/
WARNING 2026-07-18 14:39:32,736 basehttp 30944 26724 "POST /login/ HTTP/1.1" 403 2517
WARNING 2026-07-18 14:40:18,336 log 30944 26724 Forbidden (CSRF token from POST incorrect.): /login/
WARNING 2026-07-18 14:40:18,338 basehttp 30944 26724 "POST /login/ HTTP/1.1" 403 2517
INFO 2026-07-18 14:40:22,270 basehttp 30944 26724 "GET /login/ HTTP/1.1" 200 13104
INFO 2026-07-18 14:40:39,797 basehttp 30944 26724 "POST /login/ HTTP/1.1" 200 13833
INFO 2026-07-18 14:40:58,285 basehttp 30944 26724 "POST /login/ HTTP/1.1" 200 13833
INFO 2026-07-23 10:50:15,871 autoreload 12764 43812 Watching for file changes with StatReloader
